GPSID,GamePlatformID,game_title,platform,user_positive_count,user_positive_percent,user_mixed_count,user_mixed_percent,user_negative_count,user_negative_percent,critic_positive_count,critic_positive_percent,critic_mixed_count,critic_mixed_percent,critic_negative_count,critic_negative_percent
1,339,locoroco 2,playstation-4,19.0,-0.76,1.0,-0.04,5.0,-0.2,17.0,-0.85,3.0,-0.15,0.0,0.0
2,392,locoroco 2,psp,50.0,-0.85,8.0,-0.14,1.0,-0.02,54.0,-0.98,1.0,-0.02,0.0,0.0
3,158,rise of nations,pc,338.0,-0.84,56.0,-0.14,7.0,-0.02,30.0,-1.0,0.0,0.0,0.0,0.0
4,430,bayonetta 2,wii-u,1300.0,-0.89,59.0,-0.04,93.0,-0.06,78.0,-0.98,2.0,-0.03,0.0,0.0
5,98,bayonetta 2,nintendo-switch,539.0,-0.86,44.0,-0.07,45.0,-0.07,31.0,-0.97,0.0,0.0,0.0,0.0
6,256,burnout dominator,playstation-2,37.0,-0.76,10.0,-0.2,2.0,-0.04,26.0,-0.59,17.0,-0.39,1.0,-0.02
7,376,burnout dominator,psp,34.0,-0.71,12.0,-0.25,2.0,-0.04,14.0,-0.61,8.0,-0.35,1.0,-0.04
8,51,wario land 4,game-boy-advance,88.0,-0.88,10.0,-0.1,2.0,-0.02,17.0,-1.0,0.0,0.0,0.0,0.0
9,383,naruto shippuden: kizuna drive,psp,2.0,-0.13,7.0,-0.47,6.0,-0.4,2.0,-0.09,15.0,-0.68,5.0,-0.23
10,291,fallout 3,playstation-3,693.0,-0.78,101.0,-0.11,92.0,-0.1,55.0,-0.96,2.0,-0.04,0.0,0.0
11,495,fallout 3,xbox-360,1600.0,-0.78,324.0,-0.16,135.0,-0.06,83.0,-0.99,1.0,-0.01,0.0,0.0
12,155,fallout 3,pc,3000.0,-0.69,914.0,-0.21,434.0,-0.1,45.0,-0.94,3.0,-0.06,0.0,0.0
13,154,age of conan: rise of the godslayer,pc,33.0,-0.77,4.0,-0.09,6.0,-0.14,13.0,-0.93,1.0,-0.07,0.0,0.0
14,53,shining soul,game-boy-advance,0.0,0.0,3.0,-0.75,1.0,-0.25,1.0,-0.08,8.0,-0.62,4.0,-0.31
15,381,naruto: ultimate ninja heroes,psp,4.0,-0.17,16.0,-0.67,4.0,-0.17,5.0,-0.45,6.0,-0.55,0.0,0.0
16,56,hamtaro: ham-ham games,game-boy-advance,6.0,-0.75,1.0,-0.13,1.0,-0.13,13.0,-0.65,7.0,-0.35,0.0,0.0
17,152,koihime enbu,pc,1.0,-0.14,5.0,-0.71,1.0,-0.14,2.0,-0.2,8.0,-0.8,0.0,0.0
18,418,skylanders giants,wii,30.0,-0.58,13.0,-0.25,9.0,-0.17,5.0,-0.63,3.0,-0.38,0.0,0.0
19,287,skylanders giants,playstation-3,18.0,-0.58,6.0,-0.19,7.0,-0.23,14.0,-0.67,7.0,-0.33,0.0,0.0
20,501,skylanders giants,xbox-360,63.0,-0.74,9.0,-0.11,13.0,-0.15,30.0,-0.86,5.0,-0.14,0.0,0.0
21,429,skylanders giants,wii-u,19.0,-0.49,12.0,-0.31,8.0,-0.21,5.0,-0.63,3.0,-0.38,0.0,0.0
22,6,skylanders giants,3ds,4.0,-0.25,4.0,-0.25,8.0,-0.5,1.0,-0.11,7.0,-0.78,1.0,-0.11
23,262,24: the game,playstation-2,17.0,-0.61,10.0,-0.36,1.0,-0.04,12.0,-0.23,34.0,-0.64,7.0,-0.13
24,4,kid icarus: uprising,3ds,579.0,-0.86,63.0,-0.09,28.0,-0.04,66.0,-0.88,8.0,-0.11,1.0,-0.01
25,265,singstar pop,playstation-2,2.0,-0.33,4.0,-0.67,0.0,0.0,6.0,-0.46,7.0,-0.54,0.0,0.0
26,416,sonic unleashed,wii,124.0,-0.58,59.0,-0.28,31.0,-0.14,7.0,-0.23,21.0,-0.7,2.0,-0.07
27,292,sonic unleashed,playstation-3,281.0,-0.75,68.0,-0.18,26.0,-0.07,1.0,-0.04,15.0,-0.63,8.0,-0.33
28,504,sonic unleashed,xbox-360,780.0,-0.81,129.0,-0.13,54.0,-0.06,7.0,-0.14,33.0,-0.66,10.0,-0.2
29,253,sonic unleashed,playstation-2,80.0,-0.56,44.0,-0.31,19.0,-0.13,0.0,0.0,5.0,-1.0,0.0,0.0
30,426,dragon ball: revenge of king piccolo,wii,11.0,-0.61,5.0,-0.28,2.0,-0.11,8.0,-0.32,15.0,-0.6,2.0,-0.08
31,415,star trek: conquest,wii,1.0,-0.25,2.0,-0.5,1.0,-0.25,1.0,-0.06,9.0,-0.5,8.0,-0.44
32,224,star trek: conquest,playstation-2,6.0,-0.67,3.0,-0.33,0.0,0.0,2.0,-0.13,10.0,-0.67,3.0,-0.2
33,362,driver '76,psp,17.0,-0.52,13.0,-0.39,3.0,-0.09,2.0,-0.07,21.0,-0.75,5.0,-0.18
34,144,silent hill 4: the room,pc,122.0,-0.64,45.0,-0.24,23.0,-0.12,10.0,-0.5,8.0,-0.4,2.0,-0.1
35,232,silent hill 4: the room,playstation-2,344.0,-0.71,112.0,-0.23,27.0,-0.06,31.0,-0.57,22.0,-0.41,1.0,-0.02
36,451,silent hill 4: the room,xbox,33.0,-0.79,6.0,-0.14,3.0,-0.07,31.0,-0.72,11.0,-0.26,1.0,-0.02
37,21,resident evil: deadly silence,ds,37.0,-0.79,4.0,-0.09,6.0,-0.13,16.0,-0.39,22.0,-0.54,3.0,-0.07
38,143,brothers in arms: earned in blood,pc,60.0,-0.63,25.0,-0.26,10.0,-0.11,21.0,-0.91,2.0,-0.09,0.0,0.0
39,226,brothers in arms: earned in blood,playstation-2,9.0,-0.53,6.0,-0.35,2.0,-0.12,11.0,-0.55,9.0,-0.45,0.0,0.0
40,450,brothers in arms: earned in blood,xbox,11.0,-0.69,5.0,-0.31,0.0,0.0,36.0,-0.88,5.0,-0.12,0.0,0.0
41,489,project sylpheed: arc of deception,xbox-360,18.0,-0.82,0.0,0.0,4.0,-0.18,8.0,-0.18,34.0,-0.76,3.0,-0.07
42,448,superman: the man of steel,xbox,1.0,-0.13,2.0,-0.25,5.0,-0.63,0.0,0.0,5.0,-0.26,14.0,-0.74
44,355,megatagmension blanc + neptune vs zombies,playstation-vita,11.0,-0.44,9.0,-0.36,5.0,-0.2,4.0,-0.18,14.0,-0.64,4.0,-0.18
45,354,oreshika: tainted bloodlines,playstation-vita,68.0,-0.79,3.0,-0.03,15.0,-0.17,22.0,-0.85,3.0,-0.12,1.0,-0.04
46,482,gears of war 3,xbox-360,1700.0,-0.79,267.0,-0.13,186.0,-0.09,94.0,-0.98,2.0,-0.02,0.0,0.0
47,281,dirt 3,playstation-3,82.0,-0.59,40.0,-0.29,16.0,-0.12,50.0,-0.96,2.0,-0.04,0.0,0.0
48,484,dirt 3,xbox-360,125.0,-0.57,67.0,-0.31,27.0,-0.12,76.0,-0.94,5.0,-0.06,0.0,0.0
51,252,socom ii: u.s. navy seals,playstation-2,50.0,-0.86,2.0,-0.03,6.0,-0.1,39.0,-0.93,3.0,-0.07,0.0,0.0
52,33,mega man zero collection,ds,63.0,-0.83,4.0,-0.05,9.0,-0.12,11.0,-0.73,4.0,-0.27,0.0,0.0
53,242,xenosaga episode iii: also sprach zarathustra,playstation-2,92.0,-0.89,5.0,-0.05,6.0,-0.06,28.0,-0.82,6.0,-0.18,0.0,0.0
54,159,alone in the dark,pc,24.0,-0.4,27.0,-0.45,9.0,-0.15,15.0,-0.34,23.0,-0.52,4.0,-0.09
55,348,alone in the dark,playstation-5,178.0,-0.58,94.0,-0.31,35.0,-0.11,21.0,-0.27,45.0,-0.58,10.0,-0.13
56,555,alone in the dark,xbox-series-x,8.0,-0.57,4.0,-0.29,2.0,-0.14,11.0,-0.44,9.0,-0.36,3.0,-0.12
57,344,cities: skylines,playstation-4,87.0,-0.59,41.0,-0.28,20.0,-0.14,14.0,-0.93,1.0,-0.07,0.0,0.0
58,554,cities: skylines,xbox-one,55.0,-0.59,19.0,-0.2,19.0,-0.2,25.0,-0.83,5.0,-0.17,0.0,0.0
59,176,cities: skylines,pc,2000.0,-0.86,253.0,-0.11,83.0,-0.04,58.0,-0.97,2.0,-0.03,0.0,0.0
60,97,cities: skylines,nintendo-switch,40.0,-0.71,4.0,-0.07,12.0,-0.21,8.0,-0.44,9.0,-0.5,1.0,-0.06
61,372,dungeon siege: throne of agony,psp,25.0,-0.76,5.0,-0.15,3.0,-0.09,16.0,-0.5,16.0,-0.5,0.0,0.0
62,254,mega man anniversary collection,playstation-2,21.0,-0.68,4.0,-0.13,6.0,-0.19,23.0,-0.88,3.0,-0.12,0.0,0.0
63,444,mega man anniversary collection,xbox,6.0,-0.46,0.0,0.0,7.0,-0.54,10.0,-0.83,2.0,-0.17,0.0,0.0
64,76,mega man anniversary collection,gamecube,23.0,-0.74,1.0,-0.03,7.0,-0.23,30.0,-0.94,2.0,-0.06,0.0,0.0
66,545,puzzle quest: galactrix,xbox-360,3.0,-0.75,1.0,-0.25,0.0,0.0,18.0,-0.67,9.0,-0.33,0.0,0.0
67,178,puzzle quest: galactrix,pc,4.0,-0.21,11.0,-0.58,4.0,-0.21,14.0,-0.45,17.0,-0.55,0.0,0.0
68,27,puzzle quest: galactrix,ds,2.0,-0.4,2.0,-0.4,1.0,-0.2,22.0,-0.67,10.0,-0.3,1.0,-0.03
69,20,bravely second: end layer,3ds,169.0,-0.78,22.0,-0.1,26.0,-0.12,58.0,-0.82,12.0,-0.17,0.0,0.0
70,318,untold legends: dark kingdom,playstation-3,3.0,-0.16,10.0,-0.53,6.0,-0.32,3.0,-0.08,32.0,-0.8,5.0,-0.13
71,180,the night of the rabbit,pc,74.0,-0.67,20.0,-0.18,16.0,-0.15,24.0,-0.53,21.0,-0.47,0.0,0.0
73,319,castlevania: lords of shadow - mirror of fate,playstation-3,34.0,-0.5,27.0,-0.4,7.0,-0.1,3.0,-0.3,7.0,-0.7,0.0,0.0
74,533,castlevania: lords of shadow - mirror of fate,xbox-360,20.0,-0.63,6.0,-0.19,6.0,-0.19,7.0,-0.44,9.0,-0.56,0.0,0.0
76,13,castlevania: lords of shadow - mirror of fate,3ds,169.0,-0.63,55.0,-0.21,44.0,-0.16,31.0,-0.46,35.0,-0.51,2.0,-0.03
77,535,lego star wars ii: the original trilogy,xbox-360,68.0,-0.72,23.0,-0.24,3.0,-0.03,41.0,-0.82,9.0,-0.18,0.0,0.0
78,186,lego star wars ii: the original trilogy,pc,91.0,-0.81,17.0,-0.15,4.0,-0.04,20.0,-1.0,0.0,0.0,0.0,0.0
79,30,lego star wars ii: the original trilogy,ds,4.0,-0.19,6.0,-0.29,11.0,-0.52,0.0,0.0,3.0,-0.33,6.0,-0.67
80,243,lego star wars ii: the original trilogy,playstation-2,65.0,-0.84,11.0,-0.14,1.0,-0.01,31.0,-0.97,1.0,-0.03,0.0,0.0
81,441,lego star wars ii: the original trilogy,xbox,12.0,-0.8,2.0,-0.13,1.0,-0.07,25.0,-0.93,2.0,-0.07,0.0,0.0
82,368,lego star wars ii: the original trilogy,psp,29.0,-0.67,10.0,-0.23,4.0,-0.09,11.0,-1.0,0.0,0.0,0.0,0.0
83,61,lego star wars ii: the original trilogy,game-boy-advance,2.0,-0.29,5.0,-0.71,0.0,0.0,2.0,-0.4,1.0,-0.2,2.0,-0.4
84,69,lego star wars ii: the original trilogy,gamecube,21.0,-0.91,1.0,-0.04,1.0,-0.04,23.0,-0.92,2.0,-0.08,0.0,0.0
85,187,battlefield 2,pc,774.0,-0.83,126.0,-0.14,33.0,-0.04,54.0,-0.98,1.0,-0.02,0.0,0.0
86,245,backyard wrestling: don't try this at home,playstation-2,3.0,-0.3,3.0,-0.3,4.0,-0.4,1.0,-0.04,11.0,-0.46,12.0,-0.5
87,320,medal of honor: airborne,playstation-3,26.0,-0.57,17.0,-0.37,3.0,-0.07,9.0,-0.56,7.0,-0.44,0.0,0.0
88,540,medal of honor: airborne,xbox-360,40.0,-0.43,44.0,-0.48,8.0,-0.09,29.0,-0.54,24.0,-0.44,1.0,-0.02
89,174,medal of honor: airborne,pc,128.0,-0.49,113.0,-0.43,20.0,-0.08,26.0,-0.68,12.0,-0.32,0.0,0.0
90,183,space hulk,pc,84.0,-0.5,40.0,-0.24,45.0,-0.27,1.0,-0.05,19.0,-0.86,2.0,-0.09
91,247,spyro: a hero's tail,playstation-2,52.0,-0.66,23.0,-0.29,4.0,-0.05,1.0,-0.06,11.0,-0.69,4.0,-0.25
92,445,spyro: a hero's tail,xbox,12.0,-0.57,6.0,-0.29,3.0,-0.14,3.0,-0.18,12.0,-0.71,2.0,-0.12
93,72,spyro: a hero's tail,gamecube,9.0,-0.5,5.0,-0.28,4.0,-0.22,1.0,-0.08,10.0,-0.77,2.0,-0.15
94,55,kirby: nightmare in dream land,game-boy-advance,82.0,-0.78,22.0,-0.21,1.0,-0.01,18.0,-0.75,6.0,-0.25,0.0,0.0
95,395,secret files: tunguska,wii,4.0,-0.67,0.0,0.0,2.0,-0.33,1.0,-0.08,11.0,-0.92,0.0,0.0
96,169,secret files: tunguska,pc,28.0,-0.53,21.0,-0.4,4.0,-0.08,8.0,-0.31,18.0,-0.69,0.0,0.0
97,31,secret files: tunguska,ds,2.0,-0.5,2.0,-0.5,0.0,0.0,2.0,-0.33,4.0,-0.67,0.0,0.0
99,397,deadly creatures,wii,18.0,-0.69,7.0,-0.27,1.0,-0.04,25.0,-0.56,19.0,-0.42,1.0,-0.02
100,530,dead or alive 4,xbox-360,92.0,-0.75,22.0,-0.18,8.0,-0.07,64.0,-0.84,12.0,-0.16,0.0,0.0
101,323,mugen souls z,playstation-3,24.0,-0.67,4.0,-0.11,8.0,-0.22,3.0,-0.12,19.0,-0.73,4.0,-0.15
102,248,shin megami tensei: persona 3,playstation-2,185.0,-0.82,18.0,-0.08,23.0,-0.1,48.0,-0.92,4.0,-0.08,0.0,0.0
103,249,kingdom hearts,playstation-2,961.0,-0.84,114.0,-0.1,69.0,-0.06,43.0,-0.93,3.0,-0.07,0.0,0.0
104,324,littlebigplanet,playstation-3,1100.0,-0.74,311.0,-0.2,85.0,-0.06,85.0,-1.0,0.0,0.0,0.0,0.0
105,366,littlebigplanet,psp,83.0,-0.66,30.0,-0.24,13.0,-0.1,66.0,-0.97,2.0,-0.03,0.0,0.0
106,513,left 4 dead,xbox-360,401.0,-0.72,131.0,-0.24,23.0,-0.04,66.0,-0.99,1.0,-0.01,0.0,0.0
107,132,left 4 dead,pc,1100.0,-0.78,263.0,-0.18,68.0,-0.05,57.0,-0.98,1.0,-0.02,0.0,0.0
108,29,the sims 2: apartment pets,ds,0.0,0.0,0.0,0.0,4.0,-1.0,0.0,0.0,8.0,-0.67,4.0,-0.33
109,296,disgaea d2: a brighter darkness,playstation-3,53.0,-0.79,8.0,-0.12,6.0,-0.09,24.0,-0.65,13.0,-0.35,0.0,0.0
110,409,rockstar games presents table tennis,wii,3.0,-0.38,4.0,-0.5,1.0,-0.13,10.0,-0.28,25.0,-0.69,1.0,-0.03
111,515,rockstar games presents table tennis,xbox-360,29.0,-0.64,11.0,-0.24,5.0,-0.11,65.0,-0.87,10.0,-0.13,0.0,0.0
112,328,aquapazza: aquaplus dream match,playstation-3,15.0,-0.65,6.0,-0.26,2.0,-0.09,6.0,-0.46,7.0,-0.54,0.0,0.0
113,246,devil may cry 3: dante's awakening,playstation-2,522.0,-0.89,38.0,-0.07,24.0,-0.04,53.0,-0.88,6.0,-0.1,1.0,-0.02
114,48,tony hawk's american sk8land,ds,23.0,-0.66,4.0,-0.11,8.0,-0.23,26.0,-0.84,5.0,-0.16,0.0,0.0
116,411,pandora's tower,wii,102.0,-0.79,17.0,-0.13,10.0,-0.08,28.0,-0.58,20.0,-0.42,0.0,0.0
117,230,god of war ii,playstation-2,2000.0,-0.92,127.0,-0.06,52.0,-0.02,69.0,-0.99,1.0,-0.01,0.0,0.0
118,5,super mario 3d land,3ds,1300.0,-0.81,230.0,-0.14,68.0,-0.04,81.0,-0.99,1.0,-0.01,0.0,0.0
119,225,ty the tasmanian tiger 2: bush rescue,playstation-2,18.0,-0.72,6.0,-0.24,1.0,-0.04,7.0,-0.29,17.0,-0.71,0.0,0.0
120,454,ty the tasmanian tiger 2: bush rescue,xbox,4.0,-0.5,4.0,-0.5,0.0,0.0,9.0,-0.31,20.0,-0.69,0.0,0.0
121,57,ty the tasmanian tiger 2: bush rescue,game-boy-advance,0.0,0.0,4.0,-1.0,0.0,0.0,1.0,-0.14,6.0,-0.86,0.0,0.0
122,89,ty the tasmanian tiger 2: bush rescue,gamecube,11.0,-0.69,4.0,-0.25,1.0,-0.06,8.0,-0.4,12.0,-0.6,0.0,0.0
123,133,serious sam ii,pc,139.0,-0.48,125.0,-0.43,26.0,-0.09,16.0,-0.52,15.0,-0.48,0.0,0.0
125,332,time crisis 4,playstation-3,4.0,-0.31,6.0,-0.46,3.0,-0.23,8.0,-0.15,35.0,-0.67,9.0,-0.17
127,227,ford racing 2,playstation-2,12.0,-0.67,4.0,-0.22,2.0,-0.11,1.0,-0.2,1.0,-0.2,3.0,-0.6
128,108,broken sword 5: the serpent's curse,pc,120.0,-0.67,47.0,-0.26,11.0,-0.06,16.0,-0.41,23.0,-0.59,0.0,0.0
130,333,lair,playstation-3,27.0,-0.44,18.0,-0.3,16.0,-0.26,6.0,-0.11,32.0,-0.58,17.0,-0.31
131,428,wii party u,wii-u,92.0,-0.53,57.0,-0.33,25.0,-0.14,11.0,-0.29,24.0,-0.63,3.0,-0.08
132,237,magna carta: tears of blood,playstation-2,7.0,-0.41,4.0,-0.24,6.0,-0.35,10.0,-0.29,19.0,-0.56,5.0,-0.15
133,129,the operative: no one lives forever,pc,209.0,-0.88,18.0,-0.08,11.0,-0.05,32.0,-1.0,0.0,0.0,0.0,0.0
134,231,the operative: no one lives forever,playstation-2,10.0,-0.77,3.0,-0.23,0.0,0.0,6.0,-0.26,15.0,-0.65,2.0,-0.09
135,334,blazblue: calamity trigger,playstation-3,43.0,-0.75,9.0,-0.16,5.0,-0.09,47.0,-0.94,3.0,-0.06,0.0,0.0
136,519,blazblue: calamity trigger,xbox-360,28.0,-0.8,4.0,-0.11,3.0,-0.09,49.0,-0.96,2.0,-0.04,0.0,0.0
138,386,blazblue: calamity trigger,psp,11.0,-0.65,4.0,-0.24,2.0,-0.12,13.0,-0.93,1.0,-0.07,0.0,0.0
139,304,f.e.a.r. 2: project origin,playstation-3,52.0,-0.63,26.0,-0.32,4.0,-0.05,38.0,-0.79,10.0,-0.21,0.0,0.0
140,522,f.e.a.r. 2: project origin,xbox-360,70.0,-0.63,39.0,-0.35,3.0,-0.03,50.0,-0.74,18.0,-0.26,0.0,0.0
141,100,f.e.a.r. 2: project origin,pc,265.0,-0.56,182.0,-0.38,26.0,-0.05,39.0,-0.8,10.0,-0.2,0.0,0.0
147,118,edna & harvey: harvey's new eyes,pc,80.0,-0.71,24.0,-0.21,8.0,-0.07,11.0,-0.58,8.0,-0.42,0.0,0.0
148,547,sunset overdrive,xbox-one,1200.0,-0.76,177.0,-0.11,202.0,-0.13,72.0,-0.81,17.0,-0.19,0.0,0.0
149,120,sunset overdrive,pc,98.0,-0.64,36.0,-0.24,18.0,-0.12,4.0,-1.0,0.0,0.0,0.0,0.0
150,122,battlefield vietnam,pc,100.0,-0.65,44.0,-0.29,9.0,-0.06,45.0,-0.94,3.0,-0.06,0.0,0.0
151,548,fighter within,xbox-one,50.0,-0.23,6.0,-0.03,160.0,-0.74,0.0,0.0,1.0,-0.03,38.0,-0.97
152,532,velvet assassin,xbox-360,12.0,-0.44,8.0,-0.3,7.0,-0.26,5.0,-0.11,33.0,-0.72,8.0,-0.17
153,124,velvet assassin,pc,32.0,-0.37,32.0,-0.37,23.0,-0.26,7.0,-0.24,16.0,-0.55,6.0,-0.21
154,301,wet,playstation-3,26.0,-0.39,30.0,-0.45,11.0,-0.16,23.0,-0.38,36.0,-0.59,2.0,-0.03
155,477,wet,xbox-360,28.0,-0.43,32.0,-0.49,5.0,-0.08,25.0,-0.32,54.0,-0.68,0.0,0.0
156,266,medal of honor: european assault,playstation-2,37.0,-0.65,15.0,-0.26,5.0,-0.09,19.0,-0.58,12.0,-0.36,2.0,-0.06
157,475,medal of honor: european assault,xbox,12.0,-0.6,7.0,-0.35,1.0,-0.05,25.0,-0.6,15.0,-0.36,2.0,-0.05
158,87,medal of honor: european assault,gamecube,3.0,-0.38,4.0,-0.5,1.0,-0.13,13.0,-0.59,7.0,-0.32,2.0,-0.09
159,54,star wars episode ii: attack of the clones,game-boy-advance,2.0,-0.15,3.0,-0.23,8.0,-0.62,0.0,0.0,6.0,-0.43,8.0,-0.57
160,274,monster hunter,playstation-2,23.0,-0.64,7.0,-0.19,6.0,-0.17,15.0,-0.41,19.0,-0.51,3.0,-0.08
161,268,ico,playstation-2,434.0,-0.83,66.0,-0.13,26.0,-0.05,59.0,-1.0,0.0,0.0,0.0,0.0
162,427,the wonderful 101,wii-u,475.0,-0.86,34.0,-0.06,41.0,-0.07,52.0,-0.69,23.0,-0.31,0.0,0.0
163,101,indiana jones and the emperor's tomb,pc,45.0,-0.7,14.0,-0.22,5.0,-0.08,7.0,-0.47,7.0,-0.47,1.0,-0.07
164,223,indiana jones and the emperor's tomb,playstation-2,12.0,-0.86,1.0,-0.07,1.0,-0.07,7.0,-0.41,8.0,-0.47,2.0,-0.12
165,457,indiana jones and the emperor's tomb,xbox,14.0,-0.74,3.0,-0.16,2.0,-0.11,24.0,-0.56,17.0,-0.4,2.0,-0.05
166,263,king arthur,playstation-2,9.0,-0.64,5.0,-0.36,0.0,0.0,1.0,-0.05,15.0,-0.68,6.0,-0.27
168,524,kinect adventures!,xbox-360,45.0,-0.32,75.0,-0.53,22.0,-0.15,5.0,-0.11,35.0,-0.78,5.0,-0.11
169,403,final fantasy crystal chronicles: echoes of time,wii,2.0,-0.25,4.0,-0.5,2.0,-0.25,7.0,-0.24,19.0,-0.66,3.0,-0.1
170,45,final fantasy crystal chronicles: echoes of time,ds,14.0,-0.58,8.0,-0.33,2.0,-0.08,24.0,-0.65,12.0,-0.32,1.0,-0.03
171,404,brothers in arms: double time,wii,1.0,-0.25,1.0,-0.25,2.0,-0.5,0.0,0.0,4.0,-0.31,9.0,-0.69
172,65,mega man zero 3,game-boy-advance,57.0,-0.83,2.0,-0.03,10.0,-0.14,12.0,-0.57,9.0,-0.43,0.0,0.0
173,2,fire emblem: awakening,3ds,1500.0,-0.9,83.0,-0.05,86.0,-0.05,72.0,-1.0,0.0,0.0,0.0,0.0
174,405,fragile dreams: farewell ruins of the moon,wii,38.0,-0.81,7.0,-0.15,2.0,-0.04,11.0,-0.27,28.0,-0.68,2.0,-0.05
175,260,monster jam: maximum destruction,playstation-2,0.0,0.0,3.0,-0.75,1.0,-0.25,0.0,0.0,4.0,-0.36,7.0,-0.64
176,42,inazuma eleven,ds,34.0,-0.77,6.0,-0.14,4.0,-0.09,6.0,-0.55,5.0,-0.45,0.0,0.0
177,7,inazuma eleven,3ds,55.0,-0.71,16.0,-0.21,7.0,-0.09,8.0,-0.53,7.0,-0.47,0.0,0.0
178,406,sonic & sega all-stars racing,wii,33.0,-0.77,9.0,-0.21,1.0,-0.02,19.0,-0.9,2.0,-0.1,0.0,0.0
179,309,sonic & sega all-stars racing,playstation-3,49.0,-0.8,11.0,-0.18,1.0,-0.02,31.0,-0.7,13.0,-0.3,0.0,0.0
180,521,sonic & sega all-stars racing,xbox-360,63.0,-0.8,14.0,-0.18,2.0,-0.03,45.0,-0.75,14.0,-0.23,1.0,-0.02
181,112,sonic & sega all-stars racing,pc,44.0,-0.88,6.0,-0.12,0.0,0.0,1.0,-0.25,3.0,-0.75,0.0,0.0
182,47,sonic & sega all-stars racing,ds,13.0,-0.65,6.0,-0.3,1.0,-0.05,16.0,-0.8,4.0,-0.2,0.0,0.0
184,16,combat of giants: dinosaurs 3d,3ds,4.0,-0.36,3.0,-0.27,4.0,-0.36,0.0,0.0,7.0,-0.39,11.0,-0.61
185,311,50 cent: blood on the sand,playstation-3,8.0,-0.22,19.0,-0.53,9.0,-0.25,17.0,-0.46,20.0,-0.54,0.0,0.0
186,520,50 cent: blood on the sand,xbox-360,18.0,-0.33,27.0,-0.49,10.0,-0.18,23.0,-0.43,31.0,-0.57,0.0,0.0
187,312,wolfenstein 3d,playstation-3,18.0,-0.64,7.0,-0.25,3.0,-0.11,3.0,-0.5,3.0,-0.5,0.0,0.0
188,517,wolfenstein 3d,xbox-360,24.0,-0.63,12.0,-0.32,2.0,-0.05,4.0,-0.4,4.0,-0.4,2.0,-0.2
189,66,wolfenstein 3d,game-boy-advance,9.0,-0.6,6.0,-0.4,0.0,0.0,0.0,0.0,8.0,-0.89,1.0,-0.11
190,410,tenchu: shadow assassins,wii,14.0,-0.58,4.0,-0.17,6.0,-0.25,13.0,-0.37,21.0,-0.6,1.0,-0.03
191,359,tenchu: shadow assassins,psp,27.0,-0.73,3.0,-0.08,7.0,-0.19,5.0,-0.28,12.0,-0.67,1.0,-0.06
192,62,sonic advance,game-boy-advance,104.0,-0.67,44.0,-0.28,7.0,-0.05,22.0,-1.0,0.0,0.0,0.0,0.0
193,458,gunvalkyrie,xbox,5.0,-0.45,3.0,-0.27,3.0,-0.27,15.0,-0.54,12.0,-0.43,1.0,-0.04
194,340,rocket league,playstation-4,1900.0,-0.77,364.0,-0.15,190.0,-0.08,47.0,-0.94,3.0,-0.06,0.0,0.0
195,553,rocket league,xbox-one,281.0,-0.77,46.0,-0.13,40.0,-0.11,22.0,-1.0,0.0,0.0,0.0,0.0
196,166,rocket league,pc,1100.0,-0.71,224.0,-0.14,232.0,-0.15,17.0,-0.77,3.0,-0.14,0.0,0.0
197,94,rocket league,nintendo-switch,303.0,-0.74,66.0,-0.16,41.0,-0.1,31.0,-0.94,1.0,-0.03,0.0,0.0
198,273,ford mustang: the legend lives,playstation-2,2.0,-0.5,0.0,0.0,2.0,-0.5,3.0,-0.6,0.0,0.0,2.0,-0.4
200,271,yu-gi-oh! capsule monster coliseum,playstation-2,27.0,-0.71,10.0,-0.26,1.0,-0.03,1.0,-0.11,7.0,-0.78,1.0,-0.11
201,402,avatar: the last airbender - the burning earth,wii,0.0,0.0,2.0,-0.5,2.0,-0.5,0.0,0.0,3.0,-0.75,1.0,-0.25
202,536,avatar: the last airbender - the burning earth,xbox-360,3.0,-0.16,6.0,-0.32,10.0,-0.53,2.0,-0.29,1.0,-0.14,4.0,-0.57
203,24,avatar: the last airbender - the burning earth,ds,5.0,-0.71,0.0,0.0,2.0,-0.29,0.0,0.0,4.0,-1.0,0.0,0.0
204,269,avatar: the last airbender - the burning earth,playstation-2,4.0,-0.44,4.0,-0.44,1.0,-0.11,0.0,0.0,3.0,-0.75,1.0,-0.25
207,295,ridge racer unbounded,playstation-3,15.0,-0.45,7.0,-0.21,11.0,-0.33,9.0,-0.45,11.0,-0.55,0.0,0.0
208,543,ridge racer unbounded,xbox-360,39.0,-0.66,12.0,-0.2,8.0,-0.14,31.0,-0.53,23.0,-0.39,5.0,-0.08
209,151,ridge racer unbounded,pc,36.0,-0.38,27.0,-0.29,31.0,-0.33,3.0,-0.33,6.0,-0.67,0.0,0.0
210,153,medieval ii: total war,pc,794.0,-0.92,62.0,-0.07,10.0,-0.01,39.0,-1.0,0.0,0.0,0.0,0.0
211,157,sherlock holmes: the mystery of the mummy,pc,2.0,-0.18,6.0,-0.55,3.0,-0.27,1.0,-0.08,11.0,-0.85,1.0,-0.08
212,40,sherlock holmes: the mystery of the mummy,ds,2.0,-0.22,2.0,-0.22,5.0,-0.56,0.0,0.0,7.0,-0.88,1.0,-0.13
213,32,final fantasy fables: chocobo tales,ds,13.0,-0.46,13.0,-0.46,2.0,-0.07,25.0,-0.6,15.0,-0.36,2.0,-0.05
214,251,nobunaga's ambition: rise to power,playstation-2,6.0,-0.75,1.0,-0.13,1.0,-0.13,3.0,-0.43,4.0,-0.57,0.0,0.0
215,222,naruto: ultimate ninja 3,playstation-2,59.0,-0.78,16.0,-0.21,1.0,-0.01,16.0,-0.67,8.0,-0.33,0.0,0.0
216,41,nicktoons: battle for volcano island,ds,2.0,-0.5,1.0,-0.25,1.0,-0.25,1.0,-0.17,4.0,-0.67,1.0,-0.17
217,191,nicktoons: battle for volcano island,playstation-2,6.0,-0.32,13.0,-0.68,0.0,0.0,1.0,-0.14,4.0,-0.57,2.0,-0.29
218,60,nicktoons: battle for volcano island,game-boy-advance,4.0,-0.5,2.0,-0.25,2.0,-0.25,1.0,-0.17,5.0,-0.83,0.0,0.0
220,188,myst iii: exile,pc,39.0,-0.7,16.0,-0.29,1.0,-0.02,19.0,-0.86,3.0,-0.14,0.0,0.0
221,394,battalion wars 2,wii,28.0,-0.7,10.0,-0.25,2.0,-0.05,26.0,-0.68,12.0,-0.32,0.0,0.0
222,470,blood wake,xbox,4.0,-0.4,6.0,-0.6,0.0,0.0,17.0,-0.57,13.0,-0.43,0.0,0.0
223,190,yu yu hakusho: dark tournament,playstation-2,3.0,-0.43,1.0,-0.14,3.0,-0.43,1.0,-0.07,11.0,-0.73,3.0,-0.2
224,313,inversion,playstation-3,20.0,-0.41,11.0,-0.22,18.0,-0.37,1.0,-0.04,16.0,-0.7,6.0,-0.26
225,539,inversion,xbox-360,34.0,-0.4,33.0,-0.39,17.0,-0.2,2.0,-0.04,37.0,-0.73,12.0,-0.24
226,104,inversion,pc,57.0,-0.43,55.0,-0.41,22.0,-0.16,0.0,0.0,5.0,-0.83,1.0,-0.17
227,46,bleach: the blade of fate,ds,11.0,-0.52,5.0,-0.24,5.0,-0.24,28.0,-0.88,4.0,-0.13,0.0,0.0
228,216,shin megami tensei: digital devil saga 2,playstation-2,103.0,-0.87,6.0,-0.05,9.0,-0.08,33.0,-0.87,5.0,-0.13,0.0,0.0
229,1,shin megami tensei: devil survivor overclocked,3ds,169.0,-0.82,14.0,-0.07,24.0,-0.12,19.0,-0.7,7.0,-0.26,1.0,-0.04
230,192,we love katamari,playstation-2,51.0,-0.82,10.0,-0.16,1.0,-0.02,60.0,-0.98,1.0,-0.02,0.0,0.0
231,310,wanted: weapons of fate,playstation-3,12.0,-0.43,13.0,-0.46,3.0,-0.11,9.0,-0.16,41.0,-0.73,6.0,-0.11
232,538,wanted: weapons of fate,xbox-360,9.0,-0.32,17.0,-0.61,2.0,-0.07,11.0,-0.18,45.0,-0.74,5.0,-0.08
233,111,wanted: weapons of fate,pc,19.0,-0.37,30.0,-0.58,3.0,-0.06,2.0,-0.08,20.0,-0.83,2.0,-0.08
234,307,mass effect 3,playstation-3,1100.0,-0.53,217.0,-0.11,739.0,-0.37,30.0,-1.0,0.0,0.0,0.0,0.0
235,537,mass effect 3,xbox-360,2300.0,-0.55,540.0,-0.13,1400.0,-0.32,74.0,-1.0,0.0,0.0,0.0,0.0
236,107,mass effect 3,pc,3700.0,-0.51,1100.0,-0.16,2400.0,-0.33,23.0,-1.0,0.0,0.0,0.0,0.0
237,436,mass effect 3,wii-u,162.0,-0.7,26.0,-0.11,43.0,-0.19,32.0,-0.97,1.0,-0.03,0.0,0.0
238,103,freelancer,pc,209.0,-0.87,22.0,-0.09,8.0,-0.03,34.0,-0.87,5.0,-0.13,0.0,0.0
239,79,cubivore: survival of the fittest,gamecube,11.0,-0.69,3.0,-0.19,2.0,-0.13,5.0,-0.42,7.0,-0.58,0.0,0.0
240,303,borderlands 2,playstation-3,845.0,-0.79,137.0,-0.13,86.0,-0.08,25.0,-1.0,0.0,0.0,0.0,0.0
241,531,borderlands 2,xbox-360,1100.0,-0.79,203.0,-0.14,96.0,-0.07,58.0,-0.98,1.0,-0.02,0.0,0.0
242,115,borderlands 2,pc,2800.0,-0.77,552.0,-0.15,291.0,-0.08,37.0,-0.97,1.0,-0.03,0.0,0.0
243,356,borderlands 2,playstation-vita,267.0,-0.71,55.0,-0.15,53.0,-0.14,7.0,-0.23,21.0,-0.68,3.0,-0.1
245,341,motogp 14,playstation-4,16.0,-0.46,9.0,-0.26,10.0,-0.29,16.0,-0.57,12.0,-0.43,0.0,0.0
246,127,motogp 14,pc,3.0,-0.13,2.0,-0.09,18.0,-0.78,3.0,-0.6,2.0,-0.4,0.0,0.0
248,299,soldier of fortune: payback,playstation-3,2.0,-0.25,4.0,-0.5,2.0,-0.25,0.0,0.0,9.0,-0.64,5.0,-0.36
249,511,soldier of fortune: payback,xbox-360,2.0,-0.15,2.0,-0.15,9.0,-0.69,0.0,0.0,25.0,-0.71,10.0,-0.29
250,123,soldier of fortune: payback,pc,6.0,-0.19,9.0,-0.29,16.0,-0.52,0.0,0.0,6.0,-0.46,7.0,-0.54
251,213,wild arms 5,playstation-2,18.0,-0.72,3.0,-0.12,4.0,-0.16,12.0,-0.46,14.0,-0.54,0.0,0.0
252,413,cooking mama: cook off,wii,6.0,-0.5,5.0,-0.42,1.0,-0.08,8.0,-0.22,24.0,-0.65,5.0,-0.14
253,346,samurai warriors 4-ii,playstation-4,29.0,-0.69,3.0,-0.07,10.0,-0.24,12.0,-0.46,14.0,-0.54,0.0,0.0
255,215,time crisis 3,playstation-2,10.0,-0.56,8.0,-0.44,0.0,0.0,25.0,-0.86,4.0,-0.14,0.0,0.0
256,317,dirt showdown,playstation-3,21.0,-0.45,17.0,-0.36,9.0,-0.19,17.0,-0.63,10.0,-0.37,0.0,0.0
257,487,dirt showdown,xbox-360,35.0,-0.5,17.0,-0.24,18.0,-0.26,34.0,-0.64,18.0,-0.34,1.0,-0.02
258,126,dirt showdown,pc,73.0,-0.35,72.0,-0.34,65.0,-0.31,6.0,-0.55,4.0,-0.36,1.0,-0.09
259,221,fifa street,playstation-2,29.0,-0.69,11.0,-0.26,2.0,-0.05,2.0,-0.07,23.0,-0.79,4.0,-0.14
260,463,fifa street,xbox,5.0,-0.83,1.0,-0.17,0.0,0.0,2.0,-0.1,15.0,-0.71,4.0,-0.19
261,342,call of duty: advanced warfare,playstation-4,732.0,-0.41,503.0,-0.28,542.0,-0.31,35.0,-0.9,4.0,-0.1,0.0,0.0
262,550,call of duty: advanced warfare,xbox-one,472.0,-0.41,294.0,-0.26,376.0,-0.33,45.0,-0.85,8.0,-0.15,0.0,0.0
263,160,call of duty: advanced warfare,pc,415.0,-0.31,318.0,-0.24,605.0,-0.45,15.0,-0.83,2.0,-0.11,1.0,-0.06
264,331,r.u.s.e.,playstation-3,35.0,-0.67,12.0,-0.23,5.0,-0.1,26.0,-0.7,11.0,-0.3,0.0,0.0
265,479,r.u.s.e.,xbox-360,25.0,-0.61,13.0,-0.32,3.0,-0.07,33.0,-0.73,12.0,-0.27,0.0,0.0
266,164,r.u.s.e.,pc,146.0,-0.71,42.0,-0.2,17.0,-0.08,21.0,-0.64,12.0,-0.36,0.0,0.0
267,83,mario party 5,gamecube,70.0,-0.64,30.0,-0.27,10.0,-0.09,15.0,-0.45,15.0,-0.45,3.0,-0.09
268,330,mx vs. atv reflex,playstation-3,5.0,-0.5,3.0,-0.3,2.0,-0.2,25.0,-0.57,18.0,-0.41,1.0,-0.02
269,480,mx vs. atv reflex,xbox-360,14.0,-0.54,5.0,-0.19,7.0,-0.27,34.0,-0.72,13.0,-0.28,0.0,0.0
271,329,sly cooper: thieves in time,playstation-3,379.0,-0.76,90.0,-0.18,29.0,-0.06,43.0,-0.62,26.0,-0.38,0.0,0.0
272,357,sly cooper: thieves in time,playstation-vita,129.0,-0.73,35.0,-0.2,13.0,-0.07,9.0,-0.6,6.0,-0.4,0.0,0.0
273,327,mindjack,playstation-3,5.0,-0.09,4.0,-0.07,45.0,-0.83,1.0,-0.03,11.0,-0.35,19.0,-0.61
274,483,mindjack,xbox-360,9.0,-0.07,5.0,-0.04,108.0,-0.89,0.0,0.0,16.0,-0.38,26.0,-0.62
275,28,naruto: ninja destiny,ds,1.0,-0.14,2.0,-0.29,4.0,-0.57,4.0,-0.18,15.0,-0.68,3.0,-0.14
276,88,battalion wars,gamecube,12.0,-0.63,6.0,-0.32,1.0,-0.05,28.0,-0.65,14.0,-0.33,1.0,-0.02
277,9,project x zone,3ds,96.0,-0.62,37.0,-0.24,23.0,-0.15,22.0,-0.42,29.0,-0.55,2.0,-0.04
278,417,mario strikers charged,wii,103.0,-0.73,35.0,-0.25,3.0,-0.02,34.0,-0.72,13.0,-0.28,0.0,0.0
279,507,state of decay,xbox-360,427.0,-0.66,110.0,-0.17,113.0,-0.17,37.0,-0.71,15.0,-0.29,0.0,0.0
280,167,state of decay,pc,347.0,-0.54,181.0,-0.28,109.0,-0.17,6.0,-0.67,3.0,-0.33,0.0,0.0
281,182,dead man's hand,pc,3.0,-0.33,4.0,-0.44,2.0,-0.22,3.0,-0.2,10.0,-0.67,2.0,-0.13
282,466,dead man's hand,xbox,2.0,-0.4,1.0,-0.2,2.0,-0.4,6.0,-0.19,21.0,-0.68,4.0,-0.13
283,73,eternal darkness: sanity's requiem,gamecube,205.0,-0.86,23.0,-0.1,11.0,-0.05,40.0,-0.98,1.0,-0.02,0.0,0.0
284,15,blazblue: continuum shift ii,3ds,14.0,-0.58,5.0,-0.21,5.0,-0.21,3.0,-0.21,9.0,-0.64,2.0,-0.14
285,360,blazblue: continuum shift ii,psp,9.0,-0.6,3.0,-0.2,3.0,-0.2,4.0,-0.5,4.0,-0.5,0.0,0.0
286,490,tropico 5,xbox-360,6.0,-0.46,4.0,-0.31,3.0,-0.23,1.0,-0.25,3.0,-0.75,0.0,0.0
287,343,tropico 5,playstation-4,81.0,-0.49,65.0,-0.39,19.0,-0.12,12.0,-0.71,5.0,-0.29,0.0,0.0
288,179,tropico 5,pc,227.0,-0.5,145.0,-0.32,78.0,-0.17,31.0,-0.61,19.0,-0.37,1.0,-0.02
289,435,kirby and the rainbow curse,wii-u,198.0,-0.74,40.0,-0.15,30.0,-0.11,42.0,-0.58,26.0,-0.36,4.0,-0.06
290,84,wwe day of reckoning 2,gamecube,14.0,-0.67,5.0,-0.24,2.0,-0.1,26.0,-0.72,9.0,-0.25,1.0,-0.03
291,207,fifa street 2,playstation-2,35.0,-0.67,15.0,-0.29,2.0,-0.04,5.0,-0.19,18.0,-0.67,4.0,-0.15
292,467,fifa street 2,xbox,16.0,-0.73,6.0,-0.27,0.0,0.0,7.0,-0.23,20.0,-0.67,3.0,-0.1
293,391,fifa street 2,psp,4.0,-0.4,5.0,-0.5,1.0,-0.1,0.0,0.0,5.0,-0.83,1.0,-0.17
294,86,fifa street 2,gamecube,3.0,-0.6,2.0,-0.4,0.0,0.0,4.0,-0.25,9.0,-0.56,3.0,-0.19
296,351,hot shots golf: world invitational,playstation-vita,66.0,-0.79,12.0,-0.14,6.0,-0.07,34.0,-0.62,21.0,-0.38,0.0,0.0
297,135,botanicula,pc,319.0,-0.78,74.0,-0.18,17.0,-0.04,32.0,-0.84,6.0,-0.16,0.0,0.0
298,136,commandos 3: destination berlin,pc,50.0,-0.53,41.0,-0.43,4.0,-0.04,15.0,-0.63,7.0,-0.29,2.0,-0.08
299,92,mario party 7,gamecube,67.0,-0.66,28.0,-0.27,7.0,-0.07,5.0,-0.2,18.0,-0.72,2.0,-0.08
300,414,ben 10 alien force: vilgax attacks,wii,3.0,-0.6,1.0,-0.2,1.0,-0.2,1.0,-0.2,3.0,-0.6,1.0,-0.2
301,503,ben 10 alien force: vilgax attacks,xbox-360,20.0,-0.71,5.0,-0.18,3.0,-0.11,1.0,-0.11,6.0,-0.67,2.0,-0.22
305,552,ryse: son of rome,xbox-one,930.0,-0.5,478.0,-0.26,461.0,-0.25,8.0,-0.1,60.0,-0.78,9.0,-0.12
306,141,ryse: son of rome,pc,362.0,-0.45,313.0,-0.39,134.0,-0.17,3.0,-0.11,22.0,-0.81,2.0,-0.07
307,288,warriors: legends of troy,playstation-3,16.0,-0.55,8.0,-0.28,5.0,-0.17,0.0,0.0,10.0,-0.45,12.0,-0.55
308,502,warriors: legends of troy,xbox-360,4.0,-0.4,4.0,-0.4,2.0,-0.2,0.0,0.0,8.0,-0.73,3.0,-0.27
309,460,bloody roar: primal fury,xbox,3.0,-0.6,0.0,0.0,2.0,-0.4,2.0,-0.09,17.0,-0.77,3.0,-0.14
310,75,bloody roar: primal fury,gamecube,16.0,-0.76,5.0,-0.24,0.0,0.0,17.0,-0.63,10.0,-0.37,0.0,0.0
311,461,breakdown,xbox,18.0,-0.78,1.0,-0.04,4.0,-0.17,35.0,-0.56,23.0,-0.37,4.0,-0.06
312,58,shining soul ii,game-boy-advance,6.0,-0.67,2.0,-0.22,1.0,-0.11,11.0,-0.61,7.0,-0.39,0.0,0.0
313,201,dynasty tactics 2,playstation-2,7.0,-0.5,5.0,-0.36,2.0,-0.14,13.0,-0.72,5.0,-0.28,0.0,0.0
314,200,rumble racing,playstation-2,9.0,-0.64,4.0,-0.29,1.0,-0.07,14.0,-0.82,3.0,-0.18,0.0,0.0
315,282,red dead redemption,playstation-3,3400.0,-0.91,215.0,-0.06,120.0,-0.03,73.0,-1.0,0.0,0.0,0.0,0.0
316,500,red dead redemption,xbox-360,3200.0,-0.9,220.0,-0.06,131.0,-0.04,96.0,-1.0,0.0,0.0,0.0,0.0
317,199,fullmetal alchemist and the broken angel,playstation-2,8.0,-0.5,3.0,-0.19,5.0,-0.31,4.0,-0.11,23.0,-0.66,8.0,-0.23
319,384,pinball hall of fame: the gottlieb collection,psp,1.0,-0.25,1.0,-0.25,2.0,-0.5,13.0,-0.48,13.0,-0.48,1.0,-0.04
320,497,forza horizon,xbox-360,607.0,-0.86,57.0,-0.08,38.0,-0.05,75.0,-0.9,8.0,-0.1,0.0,0.0
321,345,summon night 6: lost borders,playstation-4,13.0,-0.65,3.0,-0.15,4.0,-0.2,4.0,-0.44,5.0,-0.56,0.0,0.0
323,198,top spin,playstation-2,2.0,-0.4,3.0,-0.6,0.0,0.0,6.0,-0.21,20.0,-0.71,2.0,-0.07
324,472,top spin,xbox,11.0,-0.61,4.0,-0.22,3.0,-0.17,43.0,-0.98,1.0,-0.02,0.0,0.0
325,149,sonic heroes,pc,60.0,-0.57,27.0,-0.26,18.0,-0.17,3.0,-0.43,3.0,-0.43,1.0,-0.14
326,197,sonic heroes,playstation-2,92.0,-0.54,57.0,-0.34,21.0,-0.12,4.0,-0.14,21.0,-0.72,4.0,-0.14
327,473,sonic heroes,xbox,41.0,-0.68,15.0,-0.25,4.0,-0.07,12.0,-0.43,16.0,-0.57,0.0,0.0
328,90,sonic heroes,gamecube,223.0,-0.64,102.0,-0.29,26.0,-0.07,25.0,-0.51,23.0,-0.47,1.0,-0.02
329,194,stuntman,playstation-2,10.0,-0.31,12.0,-0.38,10.0,-0.31,19.0,-0.51,14.0,-0.38,4.0,-0.11
330,50,stuntman,game-boy-advance,2.0,-0.5,1.0,-0.25,1.0,-0.25,6.0,-0.75,2.0,-0.25,0.0,0.0
331,39,etrian odyssey,ds,23.0,-0.74,6.0,-0.19,2.0,-0.06,16.0,-0.53,14.0,-0.47,0.0,0.0
332,193,futurama,playstation-2,10.0,-0.45,7.0,-0.32,5.0,-0.23,3.0,-0.14,15.0,-0.68,4.0,-0.18
333,474,futurama,xbox,2.0,-0.4,3.0,-0.6,0.0,0.0,2.0,-0.1,15.0,-0.71,4.0,-0.19
334,412,fifa soccer 10,wii,4.0,-0.33,5.0,-0.42,3.0,-0.25,10.0,-0.48,11.0,-0.52,0.0,0.0
335,336,fifa soccer 10,playstation-3,94.0,-0.67,29.0,-0.21,18.0,-0.13,56.0,-1.0,0.0,0.0,0.0,0.0
336,526,fifa soccer 10,xbox-360,87.0,-0.65,35.0,-0.26,12.0,-0.09,62.0,-0.98,1.0,-0.02,0.0,0.0
337,102,fifa soccer 10,pc,17.0,-0.31,23.0,-0.43,14.0,-0.26,5.0,-0.36,9.0,-0.64,0.0,0.0
340,388,fifa soccer 10,psp,3.0,-0.5,2.0,-0.33,1.0,-0.17,9.0,-1.0,0.0,0.0,0.0,0.0
341,196,armored core 2: another age,playstation-2,10.0,-0.83,0.0,0.0,2.0,-0.17,10.0,-0.63,6.0,-0.38,0.0,0.0
342,286,star ocean: the last hope,playstation-3,87.0,-0.76,15.0,-0.13,13.0,-0.11,29.0,-0.64,15.0,-0.33,1.0,-0.02
343,493,star ocean: the last hope,xbox-360,43.0,-0.51,23.0,-0.27,18.0,-0.21,33.0,-0.59,23.0,-0.41,0.0,0.0
344,283,ea sports mma,playstation-3,29.0,-0.57,11.0,-0.22,11.0,-0.22,34.0,-0.72,13.0,-0.28,0.0,0.0
345,494,ea sports mma,xbox-360,39.0,-0.71,11.0,-0.2,5.0,-0.09,48.0,-0.76,15.0,-0.24,0.0,0.0
346,37,super robot taisen og saga: endless frontier,ds,14.0,-0.78,1.0,-0.06,3.0,-0.17,12.0,-0.55,9.0,-0.41,1.0,-0.05
347,425,mario power tennis,wii,19.0,-0.51,15.0,-0.41,3.0,-0.08,10.0,-0.29,21.0,-0.62,3.0,-0.09
348,85,mario power tennis,gamecube,58.0,-0.75,18.0,-0.23,1.0,-0.01,37.0,-0.86,6.0,-0.14,0.0,0.0
349,433,animal crossing: amiibo festival,wii-u,73.0,-0.27,32.0,-0.12,161.0,-0.61,2.0,-0.1,10.0,-0.5,8.0,-0.4
350,280,2014 fifa world cup brazil,playstation-3,43.0,-0.36,30.0,-0.25,46.0,-0.39,17.0,-0.52,16.0,-0.48,0.0,0.0
351,498,2014 fifa world cup brazil,xbox-360,31.0,-0.31,23.0,-0.23,46.0,-0.46,16.0,-0.55,13.0,-0.45,0.0,0.0
352,499,alan wake,xbox-360,1000.0,-0.79,213.0,-0.16,61.0,-0.05,87.0,-0.87,13.0,-0.13,0.0,0.0
353,147,alan wake,pc,1600.0,-0.71,476.0,-0.22,155.0,-0.07,27.0,-0.9,3.0,-0.1,0.0,0.0
354,146,still life,pc,66.0,-0.66,27.0,-0.27,7.0,-0.07,16.0,-0.59,9.0,-0.33,2.0,-0.07
356,420,we ski,wii,2.0,-0.4,0.0,0.0,3.0,-0.6,6.0,-0.19,24.0,-0.75,2.0,-0.06
357,385,god of war: ghost of sparta,psp,819.0,-0.89,73.0,-0.08,27.0,-0.03,67.0,-0.92,6.0,-0.08,0.0,0.0
358,285,hatsune miku: project diva f,playstation-3,89.0,-0.75,18.0,-0.15,12.0,-0.1,5.0,-0.5,4.0,-0.4,1.0,-0.1
359,353,hatsune miku: project diva f,playstation-vita,77.0,-0.76,13.0,-0.13,11.0,-0.11,7.0,-0.7,3.0,-0.3,0.0,0.0
360,419,the legend of spyro: the eternal night,wii,13.0,-0.57,3.0,-0.13,7.0,-0.3,2.0,-0.25,5.0,-0.63,1.0,-0.13
361,202,the legend of spyro: the eternal night,playstation-2,26.0,-0.39,21.0,-0.32,19.0,-0.29,2.0,-0.11,11.0,-0.61,5.0,-0.28
362,380,wipeout pulse,psp,33.0,-0.85,4.0,-0.1,2.0,-0.05,36.0,-0.9,4.0,-0.1,0.0,0.0
363,203,armored core: last raven,playstation-2,17.0,-0.81,1.0,-0.05,3.0,-0.14,3.0,-0.19,10.0,-0.63,3.0,-0.19
364,204,james bond 007: agent under fire,playstation-2,28.0,-0.53,21.0,-0.4,4.0,-0.08,9.0,-0.33,17.0,-0.63,1.0,-0.04
365,464,james bond 007: agent under fire,xbox,5.0,-0.45,4.0,-0.36,2.0,-0.18,9.0,-0.56,6.0,-0.38,1.0,-0.06
366,80,james bond 007: agent under fire,gamecube,10.0,-0.37,12.0,-0.44,5.0,-0.19,6.0,-0.38,10.0,-0.63,0.0,0.0
367,206,gradius v,playstation-2,26.0,-0.9,2.0,-0.07,1.0,-0.03,35.0,-0.76,11.0,-0.24,0.0,0.0
368,3,asphalt 3d,3ds,12.0,-0.31,9.0,-0.23,18.0,-0.46,2.0,-0.05,13.0,-0.35,22.0,-0.59
369,389,naruto shippuden: ultimate ninja impact,psp,41.0,-0.66,12.0,-0.19,9.0,-0.15,2.0,-0.13,12.0,-0.75,2.0,-0.13
370,276,battlefield 3,playstation-3,1400.0,-0.72,241.0,-0.13,288.0,-0.15,35.0,-0.92,3.0,-0.08,0.0,0.0
371,505,battlefield 3,xbox-360,1600.0,-0.71,309.0,-0.14,332.0,-0.15,53.0,-0.93,4.0,-0.07,0.0,0.0
372,134,battlefield 3,pc,4200.0,-0.7,963.0,-0.16,777.0,-0.13,60.0,-0.98,1.0,-0.02,0.0,0.0
373,162,resident evil 4 hd,pc,737.0,-0.85,76.0,-0.09,54.0,-0.06,25.0,-0.76,8.0,-0.24,0.0,0.0
375,181,black & white 2,pc,51.0,-0.49,44.0,-0.42,10.0,-0.1,30.0,-0.6,18.0,-0.36,2.0,-0.04
376,52,advance wars,game-boy-advance,141.0,-0.9,11.0,-0.07,5.0,-0.03,27.0,-0.96,1.0,-0.04,0.0,0.0
377,34,crosswords,ds,1.0,-0.25,2.0,-0.5,1.0,-0.25,6.0,-0.32,11.0,-0.58,2.0,-0.11
378,208,wwe smackdown! vs. raw,playstation-2,47.0,-0.72,18.0,-0.28,0.0,0.0,38.0,-0.83,8.0,-0.17,0.0,0.0
379,171,spore galactic adventures,pc,42.0,-0.57,18.0,-0.24,14.0,-0.19,12.0,-0.38,18.0,-0.56,2.0,-0.06
380,209,metal slug 4 & 5,playstation-2,6.0,-0.55,5.0,-0.45,0.0,0.0,11.0,-0.55,8.0,-0.4,1.0,-0.05
381,471,metal slug 4 & 5,xbox,9.0,-1.0,0.0,0.0,0.0,0.0,10.0,-0.45,10.0,-0.45,2.0,-0.09
382,363,namco museum battle collection,psp,14.0,-0.93,1.0,-0.07,0.0,0.0,22.0,-0.79,5.0,-0.18,1.0,-0.04
383,220,yakuza 2,playstation-2,90.0,-0.89,9.0,-0.09,2.0,-0.02,25.0,-0.74,9.0,-0.26,0.0,0.0
384,219,primal,playstation-2,45.0,-0.83,7.0,-0.13,2.0,-0.04,22.0,-0.61,12.0,-0.33,2.0,-0.06
385,95,rune factory 4,nintendo-switch,69.0,-0.79,9.0,-0.1,9.0,-0.1,29.0,-0.91,3.0,-0.09,0.0,0.0
386,17,rune factory 4,3ds,128.0,-0.79,16.0,-0.1,19.0,-0.12,25.0,-0.76,8.0,-0.24,0.0,0.0
387,218,jak and daxter: the precursor legacy,playstation-2,560.0,-0.87,63.0,-0.1,22.0,-0.03,35.0,-1.0,0.0,0.0,0.0,0.0
388,217,champions: return to arms,playstation-2,29.0,-0.74,4.0,-0.1,6.0,-0.15,34.0,-0.71,14.0,-0.29,0.0,0.0
389,369,mega man maverick hunter x,psp,108.0,-0.89,6.0,-0.05,7.0,-0.06,28.0,-0.82,4.0,-0.12,2.0,-0.06
390,486,sherlock holmes vs. jack the ripper,xbox-360,6.0,-0.35,8.0,-0.47,3.0,-0.18,5.0,-0.21,16.0,-0.67,3.0,-0.13
391,125,sherlock holmes vs. jack the ripper,pc,39.0,-0.62,20.0,-0.32,4.0,-0.06,13.0,-0.5,13.0,-0.5,0.0,0.0
392,316,dynasty warriors 7,playstation-3,38.0,-0.54,21.0,-0.3,11.0,-0.16,4.0,-0.16,18.0,-0.72,3.0,-0.12
393,488,dynasty warriors 7,xbox-360,35.0,-0.73,9.0,-0.19,4.0,-0.08,2.0,-0.09,18.0,-0.82,2.0,-0.09
394,509,samurai warriors 2,xbox-360,13.0,-0.72,5.0,-0.28,0.0,0.0,1.0,-0.03,21.0,-0.7,8.0,-0.27
395,116,samurai warriors 2,pc,9.0,-0.69,1.0,-0.08,3.0,-0.23,0.0,0.0,2.0,-0.33,4.0,-0.67
396,214,samurai warriors 2,playstation-2,22.0,-0.81,4.0,-0.15,1.0,-0.04,4.0,-0.15,18.0,-0.69,4.0,-0.15
397,298,playstation move heroes,playstation-3,9.0,-0.45,8.0,-0.4,3.0,-0.15,0.0,0.0,29.0,-0.74,10.0,-0.26
398,371,ape escape: on the loose,psp,7.0,-0.47,6.0,-0.4,2.0,-0.13,8.0,-0.23,25.0,-0.71,2.0,-0.06
399,370,ace combat: joint assault,psp,15.0,-0.63,6.0,-0.25,3.0,-0.13,14.0,-0.47,16.0,-0.53,0.0,0.0
400,423,ferrari challenge trofeo pirelli,wii,1.0,-0.17,1.0,-0.17,4.0,-0.67,2.0,-0.29,4.0,-0.57,1.0,-0.14
401,300,ferrari challenge trofeo pirelli,playstation-3,3.0,-0.2,6.0,-0.4,6.0,-0.4,13.0,-0.35,23.0,-0.62,1.0,-0.03
404,113,nascar thunder 2004,pc,3.0,-0.6,1.0,-0.2,1.0,-0.2,6.0,-0.67,3.0,-0.33,0.0,0.0
405,211,nascar thunder 2004,playstation-2,15.0,-0.71,2.0,-0.1,4.0,-0.19,14.0,-0.93,1.0,-0.07,0.0,0.0
406,469,nascar thunder 2004,xbox,0.0,0.0,1.0,-0.25,3.0,-0.75,12.0,-0.86,2.0,-0.14,0.0,0.0
407,534,final fantasy xi,xbox-360,9.0,-0.56,1.0,-0.06,6.0,-0.38,4.0,-0.16,20.0,-0.8,1.0,-0.04
408,110,final fantasy xi,pc,67.0,-0.7,12.0,-0.13,17.0,-0.18,24.0,-0.96,1.0,-0.04,0.0,0.0
409,210,final fantasy xi,playstation-2,32.0,-0.62,12.0,-0.23,8.0,-0.15,47.0,-0.96,2.0,-0.04,0.0,0.0
410,117,evil genius,pc,81.0,-0.76,22.0,-0.21,4.0,-0.04,29.0,-0.57,22.0,-0.43,0.0,0.0
411,189,smash court tennis pro tournament 2,playstation-2,7.0,-0.78,0.0,0.0,2.0,-0.22,27.0,-0.66,14.0,-0.34,0.0,0.0
412,109,world of warcraft: legion,pc,885.0,-0.68,168.0,-0.13,250.0,-0.19,61.0,-0.92,1.0,-0.02,0.0,0.0
413,396,marvel super hero squad: the infinity gauntlet,wii,0.0,0.0,2.0,-0.5,2.0,-0.5,0.0,0.0,5.0,-0.83,1.0,-0.17
414,542,marvel super hero squad: the infinity gauntlet,xbox-360,4.0,-0.44,2.0,-0.22,3.0,-0.33,0.0,0.0,8.0,-0.8,2.0,-0.2
416,358,monster hunter freedom 2,psp,30.0,-0.63,9.0,-0.19,9.0,-0.19,19.0,-0.5,19.0,-0.5,0.0,0.0
417,145,pac-man world 3,pc,5.0,-0.5,4.0,-0.4,1.0,-0.1,3.0,-0.5,3.0,-0.5,0.0,0.0
418,22,pac-man world 3,ds,8.0,-0.62,0.0,0.0,5.0,-0.38,0.0,0.0,4.0,-0.5,4.0,-0.5
419,275,pac-man world 3,playstation-2,6.0,-0.33,7.0,-0.39,5.0,-0.28,5.0,-0.23,12.0,-0.55,5.0,-0.23
420,367,pac-man world 3,psp,6.0,-0.55,4.0,-0.36,1.0,-0.09,2.0,-0.22,6.0,-0.67,1.0,-0.11
421,91,pac-man world 3,gamecube,8.0,-0.53,4.0,-0.27,3.0,-0.2,2.0,-0.12,14.0,-0.82,1.0,-0.06
422,272,fatal frame ii: crimson butterfly,playstation-2,123.0,-0.85,16.0,-0.11,6.0,-0.04,33.0,-0.83,7.0,-0.18,0.0,0.0
423,365,viewtiful joe: red hot rumble,psp,16.0,-0.89,2.0,-0.11,0.0,0.0,1.0,-0.04,23.0,-0.96,0.0,0.0
424,78,viewtiful joe: red hot rumble,gamecube,2.0,-0.33,2.0,-0.33,2.0,-0.33,2.0,-0.07,23.0,-0.85,2.0,-0.07
425,512,superman returns,xbox-360,4.0,-0.17,8.0,-0.33,12.0,-0.5,5.0,-0.1,23.0,-0.48,20.0,-0.42
426,38,superman returns,ds,2.0,-0.2,2.0,-0.2,6.0,-0.6,0.0,0.0,1.0,-0.13,7.0,-0.88
428,258,shining force neo,playstation-2,11.0,-0.85,0.0,0.0,2.0,-0.15,5.0,-0.42,6.0,-0.5,1.0,-0.08
429,257,family guy,playstation-2,13.0,-0.46,12.0,-0.43,3.0,-0.11,0.0,0.0,18.0,-0.51,17.0,-0.49
430,465,family guy,xbox,3.0,-0.38,4.0,-0.5,1.0,-0.13,0.0,0.0,14.0,-0.7,6.0,-0.3
431,377,family guy,psp,3.0,-0.3,5.0,-0.5,2.0,-0.2,0.0,0.0,8.0,-0.57,6.0,-0.43
433,270,ty the tasmanian tiger,playstation-2,31.0,-0.69,13.0,-0.29,1.0,-0.02,6.0,-0.43,8.0,-0.57,0.0,0.0
434,459,ty the tasmanian tiger,xbox,4.0,-0.8,0.0,0.0,1.0,-0.2,6.0,-0.46,5.0,-0.38,2.0,-0.15
435,93,ty the tasmanian tiger,gamecube,9.0,-0.56,6.0,-0.38,1.0,-0.06,6.0,-0.5,5.0,-0.42,1.0,-0.08
436,255,dave mirra freestyle bmx 2,playstation-2,9.0,-0.69,3.0,-0.23,1.0,-0.08,16.0,-0.76,5.0,-0.24,0.0,0.0
437,63,dave mirra freestyle bmx 2,game-boy-advance,3.0,-0.75,0.0,0.0,1.0,-0.25,5.0,-0.71,2.0,-0.29,0.0,0.0
438,308,killzone 2,playstation-3,681.0,-0.71,189.0,-0.2,85.0,-0.09,90.0,-0.96,4.0,-0.04,0.0,0.0
439,306,lost planet 3,playstation-3,45.0,-0.38,34.0,-0.29,39.0,-0.33,4.0,-0.13,23.0,-0.77,3.0,-0.1
440,523,lost planet 3,xbox-360,64.0,-0.42,41.0,-0.27,49.0,-0.32,4.0,-0.09,34.0,-0.79,5.0,-0.12
441,106,lost planet 3,pc,98.0,-0.4,83.0,-0.34,62.0,-0.26,3.0,-0.18,13.0,-0.76,1.0,-0.06
442,105,still life 2,pc,13.0,-0.23,26.0,-0.46,18.0,-0.32,4.0,-0.27,10.0,-0.67,1.0,-0.07
443,400,rock band 2,wii,20.0,-0.59,5.0,-0.15,9.0,-0.26,10.0,-1.0,0.0,0.0,0.0,0.0
444,314,rock band 2,playstation-3,55.0,-0.8,8.0,-0.12,6.0,-0.09,24.0,-1.0,0.0,0.0,0.0,0.0
445,525,rock band 2,xbox-360,70.0,-0.8,10.0,-0.11,7.0,-0.08,69.0,-1.0,0.0,0.0,0.0,0.0
446,379,star wars: lethal alliance,psp,5.0,-0.42,5.0,-0.42,2.0,-0.17,1.0,-0.03,26.0,-0.84,4.0,-0.13
447,23,glory of heracles,ds,11.0,-0.65,3.0,-0.18,3.0,-0.18,7.0,-0.3,16.0,-0.7,0.0,0.0
448,305,resident evil: revelations,playstation-3,182.0,-0.64,65.0,-0.23,39.0,-0.14,18.0,-0.6,12.0,-0.4,0.0,0.0
449,527,resident evil: revelations,xbox-360,159.0,-0.71,36.0,-0.16,30.0,-0.13,17.0,-0.57,13.0,-0.43,0.0,0.0
450,337,resident evil: revelations,playstation-4,111.0,-0.64,47.0,-0.27,15.0,-0.09,14.0,-0.44,18.0,-0.56,0.0,0.0
451,549,resident evil: revelations,xbox-one,45.0,-0.76,7.0,-0.12,7.0,-0.12,5.0,-0.83,1.0,-0.17,0.0,0.0
452,128,resident evil: revelations,pc,293.0,-0.54,178.0,-0.33,74.0,-0.14,9.0,-0.75,3.0,-0.25,0.0,0.0
453,432,resident evil: revelations,wii-u,134.0,-0.71,28.0,-0.15,28.0,-0.15,14.0,-0.74,5.0,-0.26,0.0,0.0
454,99,resident evil: revelations,nintendo-switch,139.0,-0.71,45.0,-0.23,13.0,-0.07,16.0,-0.84,3.0,-0.16,0.0,0.0
455,8,resident evil: revelations,3ds,517.0,-0.81,78.0,-0.12,45.0,-0.07,68.0,-0.87,10.0,-0.13,0.0,0.0
456,375,flatout: head on,psp,31.0,-0.79,6.0,-0.15,2.0,-0.05,15.0,-0.54,12.0,-0.43,1.0,-0.04
457,238,x-men legends,playstation-2,27.0,-0.75,6.0,-0.17,3.0,-0.08,38.0,-0.79,9.0,-0.19,1.0,-0.02
458,446,x-men legends,xbox,14.0,-0.74,2.0,-0.11,3.0,-0.16,55.0,-0.87,7.0,-0.11,1.0,-0.02
459,70,x-men legends,gamecube,13.0,-0.87,2.0,-0.13,0.0,0.0,31.0,-0.86,4.0,-0.11,1.0,-0.03
460,390,field commander,psp,24.0,-0.86,3.0,-0.11,1.0,-0.04,36.0,-0.68,16.0,-0.3,1.0,-0.02
461,236,nba street vol. 2,playstation-2,50.0,-0.86,6.0,-0.1,2.0,-0.03,30.0,-0.97,1.0,-0.03,0.0,0.0
462,443,nba street vol. 2,xbox,5.0,-0.63,0.0,0.0,3.0,-0.38,21.0,-0.95,1.0,-0.05,0.0,0.0
463,68,nba street vol. 2,gamecube,5.0,-0.71,1.0,-0.14,1.0,-0.14,16.0,-1.0,0.0,0.0,0.0,0.0
464,378,rock band unplugged,psp,25.0,-0.86,2.0,-0.07,2.0,-0.07,40.0,-0.8,10.0,-0.2,0.0,0.0
465,233,crash nitro kart,playstation-2,88.0,-0.62,48.0,-0.34,6.0,-0.04,9.0,-0.38,13.0,-0.54,2.0,-0.08
466,449,crash nitro kart,xbox,20.0,-0.71,4.0,-0.14,4.0,-0.14,6.0,-0.43,7.0,-0.5,1.0,-0.07
467,64,crash nitro kart,game-boy-advance,18.0,-0.72,6.0,-0.24,1.0,-0.04,5.0,-0.83,1.0,-0.17,0.0,0.0
468,71,crash nitro kart,gamecube,10.0,-0.59,6.0,-0.35,1.0,-0.06,2.0,-0.2,7.0,-0.7,1.0,-0.1
469,326,silent hill: homecoming,playstation-3,75.0,-0.34,91.0,-0.41,54.0,-0.25,18.0,-0.44,23.0,-0.56,0.0,0.0
470,518,silent hill: homecoming,xbox-360,75.0,-0.38,85.0,-0.43,38.0,-0.19,23.0,-0.43,30.0,-0.56,1.0,-0.02
471,114,silent hill: homecoming,pc,71.0,-0.37,68.0,-0.35,55.0,-0.28,4.0,-0.29,10.0,-0.71,0.0,0.0
472,228,black,playstation-2,186.0,-0.84,29.0,-0.13,7.0,-0.03,48.0,-0.77,13.0,-0.21,1.0,-0.02
473,447,black,xbox,60.0,-0.74,16.0,-0.2,5.0,-0.06,48.0,-0.74,15.0,-0.23,2.0,-0.03
474,49,naruto: ninja council,game-boy-advance,1.0,-0.14,5.0,-0.71,1.0,-0.14,2.0,-0.17,6.0,-0.5,4.0,-0.33
475,516,gun,xbox-360,38.0,-0.62,20.0,-0.33,3.0,-0.05,32.0,-0.6,20.0,-0.38,1.0,-0.02
476,163,gun,pc,108.0,-0.69,46.0,-0.29,2.0,-0.01,15.0,-0.63,9.0,-0.38,0.0,0.0
477,239,gun,playstation-2,68.0,-0.85,12.0,-0.15,0.0,0.0,29.0,-0.67,14.0,-0.33,0.0,0.0
478,453,gun,xbox,26.0,-0.74,7.0,-0.2,2.0,-0.06,42.0,-0.76,13.0,-0.24,0.0,0.0
479,361,gun,psp,22.0,-0.81,5.0,-0.19,0.0,0.0,22.0,-0.54,18.0,-0.44,1.0,-0.02
480,77,gun,gamecube,10.0,-0.83,1.0,-0.08,1.0,-0.08,18.0,-0.67,9.0,-0.33,0.0,0.0
481,335,dishonored,playstation-3,717.0,-0.75,145.0,-0.15,90.0,-0.09,35.0,-1.0,0.0,0.0,0.0,0.0
482,514,dishonored,xbox-360,1200.0,-0.79,216.0,-0.14,107.0,-0.07,54.0,-0.96,2.0,-0.04,0.0,0.0
483,165,dishonored,pc,4400.0,-0.82,709.0,-0.13,227.0,-0.04,29.0,-1.0,0.0,0.0,0.0,0.0
484,373,the 3rd birthday,psp,73.0,-0.46,41.0,-0.26,45.0,-0.28,24.0,-0.43,29.0,-0.52,3.0,-0.05
485,407,monopoly streets,wii,1.0,-0.17,3.0,-0.5,2.0,-0.33,0.0,0.0,9.0,-1.0,0.0,0.0
486,325,monopoly streets,playstation-3,3.0,-0.25,5.0,-0.42,4.0,-0.33,3.0,-0.27,7.0,-0.64,1.0,-0.09
487,528,monopoly streets,xbox-360,7.0,-0.44,5.0,-0.31,4.0,-0.25,5.0,-0.28,12.0,-0.67,1.0,-0.06
488,398,big brain academy: wii degree,wii,7.0,-0.44,7.0,-0.44,2.0,-0.13,8.0,-0.24,22.0,-0.67,3.0,-0.09
489,322,dead island: riptide,playstation-3,62.0,-0.37,58.0,-0.35,46.0,-0.28,4.0,-0.16,19.0,-0.76,2.0,-0.08
490,544,dead island: riptide,xbox-360,94.0,-0.38,97.0,-0.39,59.0,-0.24,7.0,-0.16,28.0,-0.65,8.0,-0.19
491,168,dead island: riptide,pc,179.0,-0.35,199.0,-0.39,133.0,-0.26,8.0,-0.23,22.0,-0.63,5.0,-0.14
492,36,pokemon trozei!,ds,11.0,-0.65,6.0,-0.35,0.0,0.0,16.0,-0.5,15.0,-0.47,1.0,-0.03
493,321,dragon age ii,playstation-3,386.0,-0.31,187.0,-0.15,675.0,-0.54,44.0,-0.85,8.0,-0.15,0.0,0.0
494,541,dragon age ii,xbox-360,875.0,-0.33,507.0,-0.19,1300.0,-0.48,55.0,-0.73,19.0,-0.25,1.0,-0.01
495,173,dragon age ii,pc,1400.0,-0.28,1200.0,-0.24,2500.0,-0.48,38.0,-0.84,7.0,-0.16,0.0,0.0
496,14,gabrielle's ghostly groove 3d,3ds,6.0,-0.67,1.0,-0.11,2.0,-0.22,2.0,-0.22,6.0,-0.67,1.0,-0.11
498,74,nhl hitz 20-02,gamecube,6.0,-0.75,1.0,-0.13,1.0,-0.13,9.0,-0.69,4.0,-0.31,0.0,0.0
499,244,jak x: combat racing,playstation-2,81.0,-0.68,30.0,-0.25,8.0,-0.07,30.0,-0.65,15.0,-0.33,1.0,-0.02
500,185,scrapland,pc,29.0,-0.64,11.0,-0.24,5.0,-0.11,18.0,-0.49,19.0,-0.51,0.0,0.0
502,338,the technomancer,playstation-4,81.0,-0.52,30.0,-0.19,45.0,-0.29,7.0,-0.18,24.0,-0.63,7.0,-0.18
503,551,the technomancer,xbox-one,39.0,-0.56,16.0,-0.23,15.0,-0.21,4.0,-0.33,8.0,-0.67,0.0,0.0
504,175,the technomancer,pc,100.0,-0.5,49.0,-0.25,50.0,-0.25,1.0,-0.03,25.0,-0.74,8.0,-0.24
505,241,tony hawk's underground,playstation-2,141.0,-0.87,19.0,-0.12,3.0,-0.02,36.0,-0.95,2.0,-0.05,0.0,0.0
506,440,tony hawk's underground,xbox,12.0,-0.71,0.0,0.0,5.0,-0.29,28.0,-0.85,5.0,-0.15,0.0,0.0
507,67,tony hawk's underground,gamecube,15.0,-0.6,5.0,-0.2,5.0,-0.2,19.0,-1.0,0.0,0.0,0.0,0.0
508,297,dmc: devil may cry,playstation-3,777.0,-0.52,190.0,-0.13,541.0,-0.36,37.0,-0.93,3.0,-0.08,0.0,0.0
509,510,dmc: devil may cry,xbox-360,770.0,-0.51,197.0,-0.13,534.0,-0.36,62.0,-0.95,3.0,-0.05,0.0,0.0
510,177,dmc: devil may cry,pc,1400.0,-0.65,401.0,-0.19,329.0,-0.16,22.0,-1.0,0.0,0.0,0.0,0.0
511,10,pokemon art academy,3ds,19.0,-0.76,3.0,-0.12,3.0,-0.12,15.0,-0.68,7.0,-0.32,0.0,0.0
512,284,the walking dead: survival instinct,playstation-3,34.0,-0.17,46.0,-0.22,126.0,-0.61,0.0,0.0,1.0,-0.07,13.0,-0.93
513,506,the walking dead: survival instinct,xbox-360,103.0,-0.24,66.0,-0.15,261.0,-0.61,0.0,0.0,2.0,-0.07,28.0,-0.93
514,172,the walking dead: survival instinct,pc,35.0,-0.11,49.0,-0.15,243.0,-0.74,0.0,0.0,1.0,-0.08,12.0,-0.92
518,277,f1 2012,playstation-3,44.0,-0.77,4.0,-0.07,9.0,-0.16,20.0,-0.87,3.0,-0.13,0.0,0.0
519,485,f1 2012,xbox-360,50.0,-0.66,13.0,-0.17,13.0,-0.17,39.0,-0.93,3.0,-0.07,0.0,0.0
520,137,f1 2012,pc,91.0,-0.64,32.0,-0.23,19.0,-0.13,12.0,-0.8,3.0,-0.2,0.0,0.0
521,250,tales of legendia,playstation-2,25.0,-0.66,11.0,-0.29,2.0,-0.05,19.0,-0.51,17.0,-0.46,1.0,-0.03
522,422,valhalla knights: eldar saga,wii,7.0,-0.58,0.0,0.0,5.0,-0.42,0.0,0.0,3.0,-0.18,14.0,-0.82
523,421,super monkey ball: step & roll,wii,8.0,-0.53,5.0,-0.33,2.0,-0.13,2.0,-0.06,30.0,-0.83,4.0,-0.11
524,294,naughty bear,playstation-3,12.0,-0.33,12.0,-0.33,12.0,-0.33,0.0,0.0,13.0,-0.42,18.0,-0.58
525,481,naughty bear,xbox-360,9.0,-0.23,17.0,-0.43,14.0,-0.35,0.0,0.0,18.0,-0.35,33.0,-0.65
526,25,crash boom bang!,ds,17.0,-0.33,2.0,-0.04,33.0,-0.63,0.0,0.0,3.0,-0.21,11.0,-0.79
527,478,the last remnant,xbox-360,19.0,-0.37,20.0,-0.39,12.0,-0.24,14.0,-0.29,32.0,-0.65,3.0,-0.06
528,140,the last remnant,pc,116.0,-0.64,42.0,-0.23,22.0,-0.12,6.0,-0.26,15.0,-0.65,2.0,-0.09
529,240,guitar hero encore: rocks the 80s,playstation-2,9.0,-0.35,14.0,-0.54,3.0,-0.12,19.0,-0.38,27.0,-0.54,4.0,-0.08
530,290,homefront,playstation-3,66.0,-0.33,74.0,-0.37,58.0,-0.29,24.0,-0.4,30.0,-0.5,6.0,-0.1
531,508,homefront,xbox-360,155.0,-0.35,169.0,-0.38,115.0,-0.26,34.0,-0.4,47.0,-0.55,4.0,-0.05
532,142,homefront,pc,177.0,-0.26,285.0,-0.43,207.0,-0.31,13.0,-0.36,20.0,-0.56,3.0,-0.08
533,229,nba ballers,playstation-2,4.0,-0.36,6.0,-0.55,1.0,-0.09,40.0,-0.91,4.0,-0.09,0.0,0.0
534,452,nba ballers,xbox,2.0,-0.5,1.0,-0.25,1.0,-0.25,30.0,-0.86,5.0,-0.14,0.0,0.0
535,350,dynasty warriors next,playstation-vita,49.0,-0.64,19.0,-0.25,9.0,-0.12,9.0,-0.26,26.0,-0.74,0.0,0.0
536,235,medal of honor: rising sun,playstation-2,43.0,-0.51,35.0,-0.42,6.0,-0.07,11.0,-0.37,16.0,-0.53,3.0,-0.1
537,455,medal of honor: rising sun,xbox,1.0,-0.09,8.0,-0.73,2.0,-0.18,8.0,-0.35,13.0,-0.57,2.0,-0.09
538,81,medal of honor: rising sun,gamecube,4.0,-0.5,3.0,-0.38,1.0,-0.13,10.0,-0.42,13.0,-0.54,1.0,-0.04
539,148,trine,pc,392.0,-0.69,158.0,-0.28,15.0,-0.03,43.0,-0.86,7.0,-0.14,0.0,0.0
540,264,wwe smackdown! vs. raw 2006,playstation-2,79.0,-0.75,25.0,-0.24,2.0,-0.02,39.0,-0.87,6.0,-0.13,0.0,0.0
541,382,wwe smackdown! vs. raw 2006,psp,19.0,-0.73,4.0,-0.15,3.0,-0.12,25.0,-0.83,5.0,-0.17,0.0,0.0
542,261,dark cloud 2,playstation-2,142.0,-0.78,22.0,-0.12,19.0,-0.1,37.0,-0.9,4.0,-0.1,0.0,0.0
543,150,test drive,pc,8.0,-0.67,4.0,-0.33,0.0,0.0,0.0,0.0,4.0,-1.0,0.0,0.0
544,259,test drive,playstation-2,9.0,-0.5,9.0,-0.5,0.0,0.0,9.0,-0.47,10.0,-0.53,0.0,0.0
545,456,test drive,xbox,5.0,-0.63,3.0,-0.38,0.0,0.0,6.0,-0.38,10.0,-0.63,0.0,0.0
546,43,super monkey ball: touch & roll,ds,10.0,-0.67,3.0,-0.2,2.0,-0.13,9.0,-0.23,27.0,-0.68,4.0,-0.1
547,289,sacred 2: fallen angel,playstation-3,15.0,-0.41,16.0,-0.43,6.0,-0.16,16.0,-0.36,27.0,-0.6,2.0,-0.04
548,496,sacred 2: fallen angel,xbox-360,23.0,-0.53,13.0,-0.3,7.0,-0.16,21.0,-0.38,34.0,-0.61,1.0,-0.02
549,156,sacred 2: fallen angel,pc,54.0,-0.39,61.0,-0.45,22.0,-0.16,21.0,-0.51,19.0,-0.46,1.0,-0.02
550,293,scene it? bright lights! big screen!,playstation-3,1.0,-0.25,3.0,-0.75,0.0,0.0,0.0,0.0,11.0,-0.79,3.0,-0.21
551,492,scene it? bright lights! big screen!,xbox-360,1.0,-0.25,1.0,-0.25,2.0,-0.5,0.0,0.0,7.0,-0.7,3.0,-0.3
552,278,rage,playstation-3,188.0,-0.48,114.0,-0.29,90.0,-0.23,31.0,-0.84,6.0,-0.16,0.0,0.0
553,491,rage,xbox-360,328.0,-0.5,210.0,-0.32,121.0,-0.18,60.0,-0.78,16.0,-0.21,1.0,-0.01
554,170,rage,pc,631.0,-0.35,496.0,-0.28,667.0,-0.37,24.0,-0.75,7.0,-0.22,1.0,-0.03
555,529,kinect sports,xbox-360,91.0,-0.67,34.0,-0.25,11.0,-0.08,27.0,-0.53,24.0,-0.47,0.0,0.0
