platform,game_title,user_positive_count,user_positive_percent,user_mixed_count,user_mixed_percent,user_negative_count,user_negative_percent,critic_positive_count,critic_positive_percent,critic_mixed_count,critic_mixed_percent,critic_negative_count,critic_negative_percent
playstation-4,locoroco 2,19,-76%,1,-4%,5,-20%,17,-85%,3,-15%,0,0%
psp,locoroco 2,50,-85%,8,-14%,1,-2%,54,-98%,1,-2%,0,0%
playstation-2,gallop racer 2006,N/A,N/A,N/A,N/A,N/A,N/A,7,-47%,7,-47%,1,-7%
pc,rise of nations,338,-84%,56,-14%,7,-2%,30,-100%,0,0%,0,0%
wii-u,bayonetta 2,1.3k,-89%,59,-4%,93,-6%,78,-98%,2,-3%,0,0%
nintendo-switch,bayonetta 2,539,-86%,44,-7%,45,-7%,31,-97%,0,0%,0,0%
playstation-2,burnout dominator,37,-76%,10,-20%,2,-4%,26,-59%,17,-39%,1,-2%
psp,burnout dominator,34,-71%,12,-25%,2,-4%,14,-61%,8,-35%,1,-4%
game-boy-advance,wario land 4,88,-88%,10,-10%,2,-2%,17,-100%,0,0%,0,0%
psp,naruto shippuden: kizuna drive,2,-13%,7,-47%,6,-40%,2,-9%,15,-68%,5,-23%
playstation-3,fallout 3,693,-78%,101,-11%,92,-10%,55,-96%,2,-4%,0,0%
xbox-360,fallout 3,1.6k,-78%,324,-16%,135,-6%,83,-99%,1,-1%,0,0%
pc,fallout 3,3.0k,-69%,914,-21%,434,-10%,45,-94%,3,-6%,0,0%
pc,age of conan: rise of the godslayer,33,-77%,4,-9%,6,-14%,13,-93%,1,-7%,0,0%
playstation-5,summoner: a goddess reborn,N/A,N/A,N/A,N/A,N/A,N/A,N/A,N/A,N/A,N/A,N/A,N/A
game-boy-advance,shining soul,0,0%,3,-75%,1,-25%,1,-8%,8,-62%,4,-31%
psp,naruto: ultimate ninja heroes,4,-17%,16,-67%,4,-17%,5,-45%,6,-55%,0,0%
game-boy-advance,hamtaro: ham-ham games,6,-75%,1,-13%,1,-13%,13,-65%,7,-35%,0,0%
playstation-4,putty squad,10,-19%,6,-11%,37,-70%,0,0%,2,-25%,6,-75%
3ds,putty squad,N/A,N/A,N/A,N/A,N/A,N/A,0,0%,3,-75%,1,-25%
pc,koihime enbu,1,-14%,5,-71%,1,-14%,2,-20%,8,-80%,0,0%
wii,skylanders giants,30,-58%,13,-25%,9,-17%,5,-63%,3,-38%,0,0%
playstation-3,skylanders giants,18,-58%,6,-19%,7,-23%,14,-67%,7,-33%,0,0%
xbox-360,skylanders giants,63,-74%,9,-11%,13,-15%,30,-86%,5,-14%,0,0%
wii-u,skylanders giants,19,-49%,12,-31%,8,-21%,5,-63%,3,-38%,0,0%
3ds,skylanders giants,4,-25%,4,-25%,8,-50%,1,-11%,7,-78%,1,-11%
playstation-2,24: the game,17,-61%,10,-36%,1,-4%,12,-23%,34,-64%,7,-13%
3ds,kid icarus: uprising,579,-86%,63,-9%,28,-4%,66,-88%,8,-11%,1,-1%
wii,wonder world amusement park,0,0%,1,-25%,3,-75%,0,0%,2,-22%,7,-78%
playstation-2,singstar pop,2,-33%,4,-67%,0,0%,6,-46%,7,-54%,0,0%
wii,sonic unleashed,124,-58%,59,-28%,31,-14%,7,-23%,21,-70%,2,-7%
playstation-3,sonic unleashed,281,-75%,68,-18%,26,-7%,1,-4%,15,-63%,8,-33%
xbox-360,sonic unleashed,780,-81%,129,-13%,54,-6%,7,-14%,33,-66%,10,-20%
playstation-2,sonic unleashed,80,-56%,44,-31%,19,-13%,0,0%,5,-100%,0,0%
wii,dragon ball: revenge of king piccolo,11,-61%,5,-28%,2,-11%,8,-32%,15,-60%,2,-8%
wii,star trek: conquest,1,-25%,2,-50%,1,-25%,1,-6%,9,-50%,8,-44%
playstation-2,star trek: conquest,6,-67%,3,-33%,0,0%,2,-13%,10,-67%,3,-20%
wii,prism: light the way,N/A,N/A,N/A,N/A,N/A,N/A,N/A,N/A,N/A,N/A,N/A,N/A
psp,driver '76,17,-52%,13,-39%,3,-9%,2,-7%,21,-75%,5,-18%
pc,silent hill 4: the room,122,-64%,45,-24%,23,-12%,10,-50%,8,-40%,2,-10%
playstation-2,silent hill 4: the room,344,-71%,112,-23%,27,-6%,31,-57%,22,-41%,1,-2%
xbox,silent hill 4: the room,33,-79%,6,-14%,3,-7%,31,-72%,11,-26%,1,-2%
ds,resident evil: deadly silence,37,-79%,4,-9%,6,-13%,16,-39%,22,-54%,3,-7%
pc,brothers in arms: earned in blood,60,-63%,25,-26%,10,-11%,21,-91%,2,-9%,0,0%
playstation-2,brothers in arms: earned in blood,9,-53%,6,-35%,2,-12%,11,-55%,9,-45%,0,0%
xbox,brothers in arms: earned in blood,11,-69%,5,-31%,0,0%,36,-88%,5,-12%,0,0%
xbox-360,project sylpheed: arc of deception,18,-82%,0,0%,4,-18%,8,-18%,34,-76%,3,-7%
xbox,superman: the man of steel,1,-13%,2,-25%,5,-63%,0,0%,5,-26%,14,-74%
xbox-360,fantastic pets,2,-50%,2,-50%,0,0%,2,-18%,8,-73%,1,-9%
pc,megatagmension blanc + neptune vs zombies,1,-25%,2,-50%,1,-25%,N/A,N/A,N/A,N/A,N/A,N/A
playstation-vita,megatagmension blanc + neptune vs zombies,11,-44%,9,-36%,5,-20%,4,-18%,14,-64%,4,-18%
playstation-vita,oreshika: tainted bloodlines,68,-79%,3,-3%,15,-17%,22,-85%,3,-12%,1,-4%
playstation-3,nhl 2k7,N/A,N/A,N/A,N/A,N/A,N/A,20,-83%,4,-17%,0,0%
xbox-360,gears of war 3,1.7k,-79%,267,-13%,186,-9%,94,-98%,2,-2%,0,0%
playstation-3,dirt 3,82,-59%,40,-29%,16,-12%,50,-96%,2,-4%,0,0%
xbox-360,dirt 3,125,-57%,67,-31%,27,-12%,76,-94%,5,-6%,0,0%
pc,dirt 3,N/A,N/A,N/A,N/A,N/A,N/A,21,-91%,2,-9%,0,0%
psp,300: march to glory,N/A,N/A,N/A,N/A,N/A,N/A,3,-10%,18,-58%,10,-32%
playstation-3,shellshock 2: blood trails,3,-16%,8,-42%,8,-42%,0,0%,1,-6%,17,-94%
xbox-360,shellshock 2: blood trails,8,-26%,9,-29%,14,-45%,0,0%,0,0%,21,-100%
pc,shellshock 2: blood trails,8,-24%,10,-30%,15,-45%,0,0%,5,-42%,7,-58%
wii,race driver: create & race,N/A,N/A,N/A,N/A,N/A,N/A,N/A,N/A,N/A,N/A,N/A,N/A
playstation-2,socom ii: u.s. navy seals,50,-86%,2,-3%,6,-10%,39,-93%,3,-7%,0,0%
ds,mega man zero collection,63,-83%,4,-5%,9,-12%,11,-73%,4,-27%,0,0%
playstation-2,global touring challenge: africa,N/A,N/A,N/A,N/A,N/A,N/A,3,-25%,9,-75%,0,0%
playstation-2,xenosaga episode iii: also sprach zarathustra,92,-89%,5,-5%,6,-6%,28,-82%,6,-18%,0,0%
pc,alone in the dark,24,-40%,27,-45%,9,-15%,15,-34%,23,-52%,4,-9%
playstation-5,alone in the dark,178,-58%,94,-31%,35,-11%,21,-27%,45,-58%,10,-13%
xbox-series-x,alone in the dark,8,-57%,4,-29%,2,-14%,11,-44%,9,-36%,3,-12%
playstation-4,cities: skylines,87,-59%,41,-28%,20,-14%,14,-93%,1,-7%,0,0%
xbox-one,cities: skylines,55,-59%,19,-20%,19,-20%,25,-83%,5,-17%,0,0%
pc,cities: skylines,2.0k,-86%,253,-11%,83,-4%,58,-97%,2,-3%,0,0%
nintendo-switch,cities: skylines,40,-71%,4,-7%,12,-21%,8,-44%,9,-50%,1,-6%
psp,dungeon siege: throne of agony,25,-76%,5,-15%,3,-9%,16,-50%,16,-50%,0,0%
playstation-2,mega man anniversary collection,21,-68%,4,-13%,6,-19%,23,-88%,3,-12%,0,0%
xbox,mega man anniversary collection,6,-46%,0,0%,7,-54%,10,-83%,2,-17%,0,0%
gamecube,mega man anniversary collection,23,-74%,1,-3%,7,-23%,30,-94%,2,-6%,0,0%
playstation-3,puzzle quest: galactrix,N/A,N/A,N/A,N/A,N/A,N/A,8,-62%,3,-23%,2,-15%
xbox-360,puzzle quest: galactrix,3,-75%,1,-25%,0,0%,18,-67%,9,-33%,0,0%
pc,puzzle quest: galactrix,4,-21%,11,-58%,4,-21%,14,-45%,17,-55%,0,0%
ds,puzzle quest: galactrix,2,-40%,2,-40%,1,-20%,22,-67%,10,-30%,1,-3%
3ds,bravely second: end layer,169,-78%,22,-10%,26,-12%,58,-82%,12,-17%,0,0%
playstation-3,untold legends: dark kingdom,3,-16%,10,-53%,6,-32%,3,-8%,32,-80%,5,-13%
pc,the night of the rabbit,74,-67%,20,-18%,16,-15%,24,-53%,21,-47%,0,0%
3ds,the night of the rabbit,N/A,N/A,N/A,N/A,N/A,N/A,N/A,N/A,N/A,N/A,N/A,N/A
xbox-360,virtua quest,N/A,N/A,N/A,N/A,N/A,N/A,N/A,N/A,N/A,N/A,N/A,N/A
playstation-5,virtua quest,N/A,N/A,N/A,N/A,N/A,N/A,N/A,N/A,N/A,N/A,N/A,N/A
xbox-360,everblue 2,N/A,N/A,N/A,N/A,N/A,N/A,N/A,N/A,N/A,N/A,N/A,N/A
playstation-3,castlevania: lords of shadow - mirror of fate,34,-50%,27,-40%,7,-10%,3,-30%,7,-70%,0,0%
xbox-360,castlevania: lords of shadow - mirror of fate,20,-63%,6,-19%,6,-19%,7,-44%,9,-56%,0,0%
pc,castlevania: lords of shadow - mirror of fate,40,-56%,22,-31%,9,-13%,N/A,N/A,N/A,N/A,N/A,N/A
3ds,castlevania: lords of shadow - mirror of fate,169,-63%,55,-21%,44,-16%,31,-46%,35,-51%,2,-3%
xbox-360,lego star wars ii: the original trilogy,68,-72%,23,-24%,3,-3%,41,-82%,9,-18%,0,0%
pc,lego star wars ii: the original trilogy,91,-81%,17,-15%,4,-4%,20,-100%,0,0%,0,0%
ds,lego star wars ii: the original trilogy,4,-19%,6,-29%,11,-52%,0,0%,3,-33%,6,-67%
playstation-2,lego star wars ii: the original trilogy,65,-84%,11,-14%,1,-1%,31,-97%,1,-3%,0,0%
xbox,lego star wars ii: the original trilogy,12,-80%,2,-13%,1,-7%,25,-93%,2,-7%,0,0%
psp,lego star wars ii: the original trilogy,29,-67%,10,-23%,4,-9%,11,-100%,0,0%,0,0%
game-boy-advance,lego star wars ii: the original trilogy,2,-29%,5,-71%,0,0%,2,-40%,1,-20%,2,-40%
gamecube,lego star wars ii: the original trilogy,21,-91%,1,-4%,1,-4%,23,-92%,2,-8%,0,0%
xbox-360,b-boy,N/A,N/A,N/A,N/A,N/A,N/A,N/A,N/A,N/A,N/A,N/A,N/A
pc,battlefield 2,774,-83%,126,-14%,33,-4%,54,-98%,1,-2%,0,0%
playstation-2,backyard wrestling: don't try this at home,3,-30%,3,-30%,4,-40%,1,-4%,11,-46%,12,-50%
playstation-3,medal of honor: airborne,26,-57%,17,-37%,3,-7%,9,-56%,7,-44%,0,0%
xbox-360,medal of honor: airborne,40,-43%,44,-48%,8,-9%,29,-54%,24,-44%,1,-2%
pc,medal of honor: airborne,128,-49%,113,-43%,20,-8%,26,-68%,12,-32%,0,0%
pc,space hulk,84,-50%,40,-24%,45,-27%,1,-5%,19,-86%,2,-9%
playstation-2,spyro: a hero's tail,52,-66%,23,-29%,4,-5%,1,-6%,11,-69%,4,-25%
xbox,spyro: a hero's tail,12,-57%,6,-29%,3,-14%,3,-18%,12,-71%,2,-12%
gamecube,spyro: a hero's tail,9,-50%,5,-28%,4,-22%,1,-8%,10,-77%,2,-15%
game-boy-advance,kirby: nightmare in dream land,82,-78%,22,-21%,1,-1%,18,-75%,6,-25%,0,0%
wii,secret files: tunguska,4,-67%,0,0%,2,-33%,1,-8%,11,-92%,0,0%
pc,secret files: tunguska,28,-53%,21,-40%,4,-8%,8,-31%,18,-69%,0,0%
ds,secret files: tunguska,2,-50%,2,-50%,0,0%,2,-33%,4,-67%,0,0%
nintendo-switch,secret files: tunguska,4,-67%,2,-33%,0,0%,N/A,N/A,N/A,N/A,N/A,N/A
wii,deadly creatures,18,-69%,7,-27%,1,-4%,25,-56%,19,-42%,1,-2%
xbox-360,dead or alive 4,92,-75%,22,-18%,8,-7%,64,-84%,12,-16%,0,0%
playstation-3,mugen souls z,24,-67%,4,-11%,8,-22%,3,-12%,19,-73%,4,-15%
playstation-2,shin megami tensei: persona 3,185,-82%,18,-8%,23,-10%,48,-92%,4,-8%,0,0%
playstation-2,kingdom hearts,961,-84%,114,-10%,69,-6%,43,-93%,3,-7%,0,0%
playstation-3,littlebigplanet,1.1k,-74%,311,-20%,85,-6%,85,-100%,0,0%,0,0%
psp,littlebigplanet,83,-66%,30,-24%,13,-10%,66,-97%,2,-3%,0,0%
playstation-2,dynasty warriors 5: xtreme legends,7,-54%,1,-8%,5,-38%,1,-5%,16,-73%,5,-23%
xbox-360,left 4 dead,401,-72%,131,-24%,23,-4%,66,-99%,1,-1%,0,0%
pc,left 4 dead,1.1k,-78%,263,-18%,68,-5%,57,-98%,1,-2%,0,0%
ds,the sims 2: apartment pets,0,0%,0,0%,4,-100%,0,0%,8,-67%,4,-33%
pc,east india company,6,-30%,8,-40%,6,-30%,6,-21%,20,-71%,2,-7%
playstation-3,disgaea d2: a brighter darkness,53,-79%,8,-12%,6,-9%,24,-65%,13,-35%,0,0%
wii,rockstar games presents table tennis,3,-38%,4,-50%,1,-13%,10,-28%,25,-69%,1,-3%
xbox-360,rockstar games presents table tennis,29,-64%,11,-24%,5,-11%,65,-87%,10,-13%,0,0%
pc,silent hunter 5: battle of the atlantic,18,-39%,9,-20%,19,-41%,6,-23%,18,-69%,2,-8%
playstation-3,aquapazza: aquaplus dream match,15,-65%,6,-26%,2,-9%,6,-46%,7,-54%,0,0%
playstation-2,devil may cry 3: dante's awakening,522,-89%,38,-7%,24,-4%,53,-88%,6,-10%,1,-2%
ds,tony hawk's american sk8land,23,-66%,4,-11%,8,-23%,26,-84%,5,-16%,0,0%
game-boy-advance,tony hawk's american sk8land,N/A,N/A,N/A,N/A,N/A,N/A,1,-14%,6,-86%,0,0%
wii,pandora's tower,102,-79%,17,-13%,10,-8%,28,-58%,20,-42%,0,0%
playstation-2,god of war ii,2.0k,-92%,127,-6%,52,-2%,69,-99%,1,-1%,0,0%
3ds,super mario 3d land,1.3k,-81%,230,-14%,68,-4%,81,-99%,1,-1%,0,0%
playstation-2,ty the tasmanian tiger 2: bush rescue,18,-72%,6,-24%,1,-4%,7,-29%,17,-71%,0,0%
xbox,ty the tasmanian tiger 2: bush rescue,4,-50%,4,-50%,0,0%,9,-31%,20,-69%,0,0%
game-boy-advance,ty the tasmanian tiger 2: bush rescue,0,0%,4,-100%,0,0%,1,-14%,6,-86%,0,0%
gamecube,ty the tasmanian tiger 2: bush rescue,11,-69%,4,-25%,1,-6%,8,-40%,12,-60%,0,0%
playstation-2,mojo!,N/A,N/A,N/A,N/A,N/A,N/A,1,-14%,6,-86%,0,0%
pc,serious sam ii,139,-48%,125,-43%,26,-9%,16,-52%,15,-48%,0,0%
wii-u,serious sam ii,N/A,N/A,N/A,N/A,N/A,N/A,N/A,N/A,N/A,N/A,N/A,N/A
playstation-3,time crisis 4,4,-31%,6,-46%,3,-23%,8,-15%,35,-67%,9,-17%
pc,ford racing 2,5,-83%,1,-17%,0,0%,N/A,N/A,N/A,N/A,N/A,N/A
playstation-2,ford racing 2,12,-67%,4,-22%,2,-11%,1,-20%,1,-20%,3,-60%
wii,mysims party,1,-20%,2,-40%,2,-40%,1,-6%,13,-81%,2,-13%
pc,broken sword 5: the serpent's curse,120,-67%,47,-26%,11,-6%,16,-41%,23,-59%,0,0%
3ds,broken sword 5: the serpent's curse,N/A,N/A,N/A,N/A,N/A,N/A,N/A,N/A,N/A,N/A,N/A,N/A
playstation-3,lair,27,-44%,18,-30%,16,-26%,6,-11%,32,-58%,17,-31%
playstation-2,singstar legends,2,-50%,2,-50%,0,0%,18,-72%,7,-28%,0,0%
wii-u,wii party u,92,-53%,57,-33%,25,-14%,11,-29%,24,-63%,3,-8%
playstation-2,magna carta: tears of blood,7,-41%,4,-24%,6,-35%,10,-29%,19,-56%,5,-15%
pc,the operative: no one lives forever,209,-88%,18,-8%,11,-5%,32,-100%,0,0%,0,0%
playstation-2,the operative: no one lives forever,10,-77%,3,-23%,0,0%,6,-26%,15,-65%,2,-9%
playstation-3,blazblue: calamity trigger,43,-75%,9,-16%,5,-9%,47,-94%,3,-6%,0,0%
xbox-360,blazblue: calamity trigger,28,-80%,4,-11%,3,-9%,49,-96%,2,-4%,0,0%
pc,blazblue: calamity trigger,29,-74%,9,-23%,1,-3%,N/A,N/A,N/A,N/A,N/A,N/A
psp,blazblue: calamity trigger,11,-65%,4,-24%,2,-12%,13,-93%,1,-7%,0,0%
playstation-3,f.e.a.r. 2: project origin,52,-63%,26,-32%,4,-5%,38,-79%,10,-21%,0,0%
xbox-360,f.e.a.r. 2: project origin,70,-63%,39,-35%,3,-3%,50,-74%,18,-26%,0,0%
pc,f.e.a.r. 2: project origin,265,-56%,182,-38%,26,-5%,39,-80%,10,-20%,0,0%
wii,major league baseball 2k8,N/A,N/A,N/A,N/A,N/A,N/A,0,0%,10,-100%,0,0%
playstation-2,major league baseball 2k8,N/A,N/A,N/A,N/A,N/A,N/A,N/A,N/A,N/A,N/A,N/A,N/A
psp,major league baseball 2k8,N/A,N/A,N/A,N/A,N/A,N/A,0,0%,5,-100%,0,0%
playstation-4,edna & harvey: harvey's new eyes,N/A,N/A,N/A,N/A,N/A,N/A,N/A,N/A,N/A,N/A,N/A,N/A
xbox-one,edna & harvey: harvey's new eyes,N/A,N/A,N/A,N/A,N/A,N/A,N/A,N/A,N/A,N/A,N/A,N/A
pc,edna & harvey: harvey's new eyes,80,-71%,24,-21%,8,-7%,11,-58%,8,-42%,0,0%
xbox-one,sunset overdrive,1.2k,-76%,177,-11%,202,-13%,72,-81%,17,-19%,0,0%
pc,sunset overdrive,98,-64%,36,-24%,18,-12%,4,-100%,0,0%,0,0%
pc,battlefield vietnam,100,-65%,44,-29%,9,-6%,45,-94%,3,-6%,0,0%
xbox-one,fighter within,50,-23%,6,-3%,160,-74%,0,0%,1,-3%,38,-97%
xbox-360,velvet assassin,12,-44%,8,-30%,7,-26%,5,-11%,33,-72%,8,-17%
pc,velvet assassin,32,-37%,32,-37%,23,-26%,7,-24%,16,-55%,6,-21%
pc,hospital tycoon,4,-20%,6,-30%,10,-50%,0,0%,5,-63%,3,-38%
playstation-3,wet,26,-39%,30,-45%,11,-16%,23,-38%,36,-59%,2,-3%
xbox-360,wet,28,-43%,32,-49%,5,-8%,25,-32%,54,-68%,0,0%
playstation-2,medal of honor: european assault,37,-65%,15,-26%,5,-9%,19,-58%,12,-36%,2,-6%
xbox,medal of honor: european assault,12,-60%,7,-35%,1,-5%,25,-60%,15,-36%,2,-5%
gamecube,medal of honor: european assault,3,-38%,4,-50%,1,-13%,13,-59%,7,-32%,2,-9%
game-boy-advance,star wars episode ii: attack of the clones,2,-15%,3,-23%,8,-62%,0,0%,6,-43%,8,-57%
wii,brothers in arms ds,N/A,N/A,N/A,N/A,N/A,N/A,N/A,N/A,N/A,N/A,N/A,N/A
wii,rainbow islands revolution,N/A,N/A,N/A,N/A,N/A,N/A,N/A,N/A,N/A,N/A,N/A,N/A
pc,disciples iii: renaissance,20,-20%,43,-42%,39,-38%,6,-17%,21,-58%,9,-25%
playstation-2,monster hunter,23,-64%,7,-19%,6,-17%,15,-41%,19,-51%,3,-8%
playstation-2,ico,434,-83%,66,-13%,26,-5%,59,-100%,0,0%,0,0%
wii-u,the wonderful 101,475,-86%,34,-6%,41,-7%,52,-69%,23,-31%,0,0%
pc,indiana jones and the emperor's tomb,45,-70%,14,-22%,5,-8%,7,-47%,7,-47%,1,-7%
playstation-2,indiana jones and the emperor's tomb,12,-86%,1,-7%,1,-7%,7,-41%,8,-47%,2,-12%
xbox,indiana jones and the emperor's tomb,14,-74%,3,-16%,2,-11%,24,-56%,17,-40%,2,-5%
playstation-2,king arthur,9,-64%,5,-36%,0,0%,1,-5%,15,-68%,6,-27%
xbox,king arthur,N/A,N/A,N/A,N/A,N/A,N/A,2,-13%,11,-73%,2,-13%
xbox-360,kinect adventures!,45,-32%,75,-53%,22,-15%,5,-11%,35,-78%,5,-11%
wii,final fantasy crystal chronicles: echoes of time,2,-25%,4,-50%,2,-25%,7,-24%,19,-66%,3,-10%
ds,final fantasy crystal chronicles: echoes of time,14,-58%,8,-33%,2,-8%,24,-65%,12,-32%,1,-3%
wii,brothers in arms: double time,1,-25%,1,-25%,2,-50%,0,0%,4,-31%,9,-69%
game-boy-advance,mega man zero 3,57,-83%,2,-3%,10,-14%,12,-57%,9,-43%,0,0%
3ds,fire emblem: awakening,1.5k,-90%,83,-5%,86,-5%,72,-100%,0,0%,0,0%
pc,clockwork empires,2,-25%,0,0%,6,-75%,1,-11%,6,-67%,1,-11%
wii,fragile dreams: farewell ruins of the moon,38,-81%,7,-15%,2,-4%,11,-27%,28,-68%,2,-5%
playstation-2,monster jam: maximum destruction,0,0%,3,-75%,1,-25%,0,0%,4,-36%,7,-64%
ds,inazuma eleven,34,-77%,6,-14%,4,-9%,6,-55%,5,-45%,0,0%
3ds,inazuma eleven,55,-71%,16,-21%,7,-9%,8,-53%,7,-47%,0,0%
wii,sonic & sega all-stars racing,33,-77%,9,-21%,1,-2%,19,-90%,2,-10%,0,0%
playstation-3,sonic & sega all-stars racing,49,-80%,11,-18%,1,-2%,31,-70%,13,-30%,0,0%
xbox-360,sonic & sega all-stars racing,63,-80%,14,-18%,2,-3%,45,-75%,14,-23%,1,-2%
pc,sonic & sega all-stars racing,44,-88%,6,-12%,0,0%,1,-25%,3,-75%,0,0%
ds,sonic & sega all-stars racing,13,-65%,6,-30%,1,-5%,16,-80%,4,-20%,0,0%
wii,combat of giants: dinosaurs 3d,2,-50%,1,-25%,1,-25%,N/A,N/A,N/A,N/A,N/A,N/A
3ds,combat of giants: dinosaurs 3d,4,-36%,3,-27%,4,-36%,0,0%,7,-39%,11,-61%
playstation-3,50 cent: blood on the sand,8,-22%,19,-53%,9,-25%,17,-46%,20,-54%,0,0%
xbox-360,50 cent: blood on the sand,18,-33%,27,-49%,10,-18%,23,-43%,31,-57%,0,0%
playstation-3,wolfenstein 3d,18,-64%,7,-25%,3,-11%,3,-50%,3,-50%,0,0%
xbox-360,wolfenstein 3d,24,-63%,12,-32%,2,-5%,4,-40%,4,-40%,2,-20%
game-boy-advance,wolfenstein 3d,9,-60%,6,-40%,0,0%,0,0%,8,-89%,1,-11%
playstation-2,godai: elemental force,2,-33%,0,0%,4,-67%,0,0%,0,0%,10,-100%
pc,men of valor,8,-35%,9,-39%,6,-26%,12,-44%,15,-56%,0,0%
xbox,men of valor,1,-20%,3,-60%,1,-20%,23,-49%,24,-51%,0,0%
wii,tenchu: shadow assassins,14,-58%,4,-17%,6,-25%,13,-37%,21,-60%,1,-3%
psp,tenchu: shadow assassins,27,-73%,3,-8%,7,-19%,5,-28%,12,-67%,1,-6%
game-boy-advance,sonic advance,104,-67%,44,-28%,7,-5%,22,-100%,0,0%,0,0%
xbox-360,art of fighting anthology,N/A,N/A,N/A,N/A,N/A,N/A,N/A,N/A,N/A,N/A,N/A,N/A
xbox,gunvalkyrie,5,-45%,3,-27%,3,-27%,15,-54%,12,-43%,1,-4%
playstation-4,rocket league,1.9k,-77%,364,-15%,190,-8%,47,-94%,3,-6%,0,0%
xbox-one,rocket league,281,-77%,46,-13%,40,-11%,22,-100%,0,0%,0,0%
pc,rocket league,1.1k,-71%,224,-14%,232,-15%,17,-77%,3,-14%,0,0%
nintendo-switch,rocket league,303,-74%,66,-16%,41,-10%,31,-94%,1,-3%,0,0%
playstation-2,ford mustang: the legend lives,2,-50%,0,0%,2,-50%,3,-60%,0,0%,2,-40%
xbox,ford mustang: the legend lives,N/A,N/A,N/A,N/A,N/A,N/A,2,-15%,7,-54%,4,-31%
playstation-2,yu-gi-oh! capsule monster coliseum,27,-71%,10,-26%,1,-3%,1,-11%,7,-78%,1,-11%
wii,avatar: the last airbender - the burning earth,0,0%,2,-50%,2,-50%,0,0%,3,-75%,1,-25%
xbox-360,avatar: the last airbender - the burning earth,3,-16%,6,-32%,10,-53%,2,-29%,1,-14%,4,-57%
ds,avatar: the last airbender - the burning earth,5,-71%,0,0%,2,-29%,0,0%,4,-100%,0,0%
playstation-2,avatar: the last airbender - the burning earth,4,-44%,4,-44%,1,-11%,0,0%,3,-75%,1,-25%
wii,high school musical: sing it!,N/A,N/A,N/A,N/A,N/A,N/A,0,0%,4,-100%,0,0%
playstation-2,high school musical: sing it!,N/A,N/A,N/A,N/A,N/A,N/A,0,0%,6,-75%,2,-25%
playstation-5,spirits & spells,N/A,N/A,N/A,N/A,N/A,N/A,N/A,N/A,N/A,N/A,N/A,N/A
pc,elven legacy,16,-46%,13,-37%,6,-17%,12,-44%,13,-48%,2,-7%
playstation-3,ridge racer unbounded,15,-45%,7,-21%,11,-33%,9,-45%,11,-55%,0,0%
xbox-360,ridge racer unbounded,39,-66%,12,-20%,8,-14%,31,-53%,23,-39%,5,-8%
pc,ridge racer unbounded,36,-38%,27,-29%,31,-33%,3,-33%,6,-67%,0,0%
ds,beat city,2,-33%,2,-33%,2,-33%,3,-43%,4,-57%,0,0%
pc,medieval ii: total war,794,-92%,62,-7%,10,-1%,39,-100%,0,0%,0,0%
pc,sherlock holmes: the mystery of the mummy,2,-18%,6,-55%,3,-27%,1,-8%,11,-85%,1,-8%
ds,sherlock holmes: the mystery of the mummy,2,-22%,2,-22%,5,-56%,0,0%,7,-88%,1,-13%
ds,final fantasy fables: chocobo tales,13,-46%,13,-46%,2,-7%,25,-60%,15,-36%,2,-5%
playstation-2,nobunaga's ambition: rise to power,6,-75%,1,-13%,1,-13%,3,-43%,4,-57%,0,0%
playstation-2,naruto: ultimate ninja 3,59,-78%,16,-21%,1,-1%,16,-67%,8,-33%,0,0%
ds,nicktoons: battle for volcano island,2,-50%,1,-25%,1,-25%,1,-17%,4,-67%,1,-17%
playstation-2,nicktoons: battle for volcano island,6,-32%,13,-68%,0,0%,1,-14%,4,-57%,2,-29%
game-boy-advance,nicktoons: battle for volcano island,4,-50%,2,-25%,2,-25%,1,-17%,5,-83%,0,0%
gamecube,nicktoons: battle for volcano island,1,-25%,3,-75%,0,0%,N/A,N/A,N/A,N/A,N/A,N/A
pc,myst iii: exile,39,-70%,16,-29%,1,-2%,19,-86%,3,-14%,0,0%
xbox-360,powerup heroes,7,-58%,3,-25%,2,-17%,4,-31%,7,-54%,2,-15%
playstation-2,singstar '80s,3,-50%,3,-50%,0,0%,16,-73%,6,-27%,0,0%
wii,battalion wars 2,28,-70%,10,-25%,2,-5%,26,-68%,12,-32%,0,0%
xbox,blood wake,4,-40%,6,-60%,0,0%,17,-57%,13,-43%,0,0%
playstation-2,yu yu hakusho: dark tournament,3,-43%,1,-14%,3,-43%,1,-7%,11,-73%,3,-20%
playstation-3,inversion,20,-41%,11,-22%,18,-37%,1,-4%,16,-70%,6,-26%
xbox-360,inversion,34,-40%,33,-39%,17,-20%,2,-4%,37,-73%,12,-24%
pc,inversion,57,-43%,55,-41%,22,-16%,0,0%,5,-83%,1,-17%
ds,bleach: the blade of fate,11,-52%,5,-24%,5,-24%,28,-88%,4,-13%,0,0%
playstation-2,shin megami tensei: digital devil saga 2,103,-87%,6,-5%,9,-8%,33,-87%,5,-13%,0,0%
3ds,shin megami tensei: devil survivor overclocked,169,-82%,14,-7%,24,-12%,19,-70%,7,-26%,1,-4%
playstation-2,we love katamari,51,-82%,10,-16%,1,-2%,60,-98%,1,-2%,0,0%
playstation-3,wanted: weapons of fate,12,-43%,13,-46%,3,-11%,9,-16%,41,-73%,6,-11%
xbox-360,wanted: weapons of fate,9,-32%,17,-61%,2,-7%,11,-18%,45,-74%,5,-8%
pc,wanted: weapons of fate,19,-37%,30,-58%,3,-6%,2,-8%,20,-83%,2,-8%
playstation-3,mass effect 3,1.1k,-53%,217,-11%,739,-37%,30,-100%,0,0%,0,0%
xbox-360,mass effect 3,2.3k,-55%,540,-13%,1.4k,-32%,74,-100%,0,0%,0,0%
pc,mass effect 3,3.7k,-51%,1.1k,-16%,2.4k,-33%,23,-100%,0,0%,0,0%
wii-u,mass effect 3,162,-70%,26,-11%,43,-19%,32,-97%,1,-3%,0,0%
pc,freelancer,209,-87%,22,-9%,8,-3%,34,-87%,5,-13%,0,0%
gamecube,cubivore: survival of the fittest,11,-69%,3,-19%,2,-13%,5,-42%,7,-58%,0,0%
playstation-3,borderlands 2,845,-79%,137,-13%,86,-8%,25,-100%,0,0%,0,0%
xbox-360,borderlands 2,1.1k,-79%,203,-14%,96,-7%,58,-98%,1,-2%,0,0%
pc,borderlands 2,2.8k,-77%,552,-15%,291,-8%,37,-97%,1,-3%,0,0%
playstation-vita,borderlands 2,267,-71%,55,-15%,53,-14%,7,-23%,21,-68%,3,-10%
playstation-3,motogp 14,N/A,N/A,N/A,N/A,N/A,N/A,N/A,N/A,N/A,N/A,N/A,N/A
playstation-4,motogp 14,16,-46%,9,-26%,10,-29%,16,-57%,12,-43%,0,0%
pc,motogp 14,3,-13%,2,-9%,18,-78%,3,-60%,2,-40%,0,0%
playstation-vita,motogp 14,4,-80%,0,0%,1,-20%,N/A,N/A,N/A,N/A,N/A,N/A
playstation-3,soldier of fortune: payback,2,-25%,4,-50%,2,-25%,0,0%,9,-64%,5,-36%
xbox-360,soldier of fortune: payback,2,-15%,2,-15%,9,-69%,0,0%,25,-71%,10,-29%
pc,soldier of fortune: payback,6,-19%,9,-29%,16,-52%,0,0%,6,-46%,7,-54%
playstation-2,wild arms 5,18,-72%,3,-12%,4,-16%,12,-46%,14,-54%,0,0%
wii,cooking mama: cook off,6,-50%,5,-42%,1,-8%,8,-22%,24,-65%,5,-14%
wii-u,your shape: fitness evolved 2013,11,-55%,5,-25%,4,-20%,5,-63%,3,-38%,0,0%
playstation-4,samurai warriors 4-ii,29,-69%,3,-7%,10,-24%,12,-46%,14,-54%,0,0%
pc,samurai warriors 4-ii,9,-56%,3,-19%,4,-25%,N/A,N/A,N/A,N/A,N/A,N/A
playstation-2,time crisis 3,10,-56%,8,-44%,0,0%,25,-86%,4,-14%,0,0%
wii,jenga world tour,1,-25%,0,0%,3,-75%,0,0%,0,0%,14,-100%
ds,jenga world tour,N/A,N/A,N/A,N/A,N/A,N/A,0,0%,1,-14%,6,-86%
playstation-3,dirt showdown,21,-45%,17,-36%,9,-19%,17,-63%,10,-37%,0,0%
xbox-360,dirt showdown,35,-50%,17,-24%,18,-26%,34,-64%,18,-34%,1,-2%
pc,dirt showdown,73,-35%,72,-34%,65,-31%,6,-55%,4,-36%,1,-9%
xbox-360,race pro,7,-50%,6,-43%,1,-7%,29,-54%,24,-44%,1,-2%
playstation-2,fifa street,29,-69%,11,-26%,2,-5%,2,-7%,23,-79%,4,-14%
xbox,fifa street,5,-83%,1,-17%,0,0%,2,-10%,15,-71%,4,-19%
playstation-4,call of duty: advanced warfare,732,-41%,503,-28%,542,-31%,35,-90%,4,-10%,0,0%
xbox-one,call of duty: advanced warfare,472,-41%,294,-26%,376,-33%,45,-85%,8,-15%,0,0%
pc,call of duty: advanced warfare,415,-31%,318,-24%,605,-45%,15,-83%,2,-11%,1,-6%
playstation-3,r.u.s.e.,35,-67%,12,-23%,5,-10%,26,-70%,11,-30%,0,0%
xbox-360,r.u.s.e.,25,-61%,13,-32%,3,-7%,33,-73%,12,-27%,0,0%
pc,r.u.s.e.,146,-71%,42,-20%,17,-8%,21,-64%,12,-36%,0,0%
gamecube,mario party 5,70,-64%,30,-27%,10,-9%,15,-45%,15,-45%,3,-9%
playstation-3,mx vs. atv reflex,5,-50%,3,-30%,2,-20%,25,-57%,18,-41%,1,-2%
xbox-360,mx vs. atv reflex,14,-54%,5,-19%,7,-27%,34,-72%,13,-28%,0,0%
psp,mx vs. atv reflex,1,-25%,2,-50%,1,-25%,N/A,N/A,N/A,N/A,N/A,N/A
playstation-3,sly cooper: thieves in time,379,-76%,90,-18%,29,-6%,43,-62%,26,-38%,0,0%
playstation-vita,sly cooper: thieves in time,129,-73%,35,-20%,13,-7%,9,-60%,6,-40%,0,0%
playstation-3,mindjack,5,-9%,4,-7%,45,-83%,1,-3%,11,-35%,19,-61%
xbox-360,mindjack,9,-7%,5,-4%,108,-89%,0,0%,16,-38%,26,-62%
ds,naruto: ninja destiny,1,-14%,2,-29%,4,-57%,4,-18%,15,-68%,3,-14%
playstation-3,nhl 2k8,N/A,N/A,N/A,N/A,N/A,N/A,14,-58%,9,-38%,1,-4%
xbox-360,nhl 2k8,N/A,N/A,N/A,N/A,N/A,N/A,26,-60%,15,-35%,2,-5%
playstation-2,nhl 2k8,N/A,N/A,N/A,N/A,N/A,N/A,0,0%,4,-100%,0,0%
gamecube,battalion wars,12,-63%,6,-32%,1,-5%,28,-65%,14,-33%,1,-2%
3ds,project x zone,96,-62%,37,-24%,23,-15%,22,-42%,29,-55%,2,-4%
wii,mario strikers charged,103,-73%,35,-25%,3,-2%,34,-72%,13,-28%,0,0%
xbox-360,state of decay,427,-66%,110,-17%,113,-17%,37,-71%,15,-29%,0,0%
pc,state of decay,347,-54%,181,-28%,109,-17%,6,-67%,3,-33%,0,0%
playstation-2,espn nfl football,5,-83%,1,-17%,0,0%,20,-100%,0,0%,0,0%
xbox,espn nfl football,2,-13%,2,-13%,11,-73%,25,-100%,0,0%,0,0%
pc,dead man's hand,3,-33%,4,-44%,2,-22%,3,-20%,10,-67%,2,-13%
xbox,dead man's hand,2,-40%,1,-20%,2,-40%,6,-19%,21,-68%,4,-13%
gamecube,eternal darkness: sanity's requiem,205,-86%,23,-10%,11,-5%,40,-98%,1,-2%,0,0%
3ds,blazblue: continuum shift ii,14,-58%,5,-21%,5,-21%,3,-21%,9,-64%,2,-14%
psp,blazblue: continuum shift ii,9,-60%,3,-20%,3,-20%,4,-50%,4,-50%,0,0%
xbox-360,tropico 5,6,-46%,4,-31%,3,-23%,1,-25%,3,-75%,0,0%
playstation-4,tropico 5,81,-49%,65,-39%,19,-12%,12,-71%,5,-29%,0,0%
pc,tropico 5,227,-50%,145,-32%,78,-17%,31,-61%,19,-37%,1,-2%
wii-u,kirby and the rainbow curse,198,-74%,40,-15%,30,-11%,42,-58%,26,-36%,4,-6%
gamecube,wwe day of reckoning 2,14,-67%,5,-24%,2,-10%,26,-72%,9,-25%,1,-3%
playstation-2,fifa street 2,35,-67%,15,-29%,2,-4%,5,-19%,18,-67%,4,-15%
xbox,fifa street 2,16,-73%,6,-27%,0,0%,7,-23%,20,-67%,3,-10%
psp,fifa street 2,4,-40%,5,-50%,1,-10%,0,0%,5,-83%,1,-17%
gamecube,fifa street 2,3,-60%,2,-40%,0,0%,4,-25%,9,-56%,3,-19%
playstation-3,hot shots golf: world invitational,7,-78%,2,-22%,0,0%,N/A,N/A,N/A,N/A,N/A,N/A
playstation-vita,hot shots golf: world invitational,66,-79%,12,-14%,6,-7%,34,-62%,21,-38%,0,0%
pc,botanicula,319,-78%,74,-18%,17,-4%,32,-84%,6,-16%,0,0%
pc,commandos 3: destination berlin,50,-53%,41,-43%,4,-4%,15,-63%,7,-29%,2,-8%
gamecube,mario party 7,67,-66%,28,-27%,7,-7%,5,-20%,18,-72%,2,-8%
wii,ben 10 alien force: vilgax attacks,3,-60%,1,-20%,1,-20%,1,-20%,3,-60%,1,-20%
xbox-360,ben 10 alien force: vilgax attacks,20,-71%,5,-18%,3,-11%,1,-11%,6,-67%,2,-22%
ds,ben 10 alien force: vilgax attacks,0,0%,1,-25%,3,-75%,N/A,N/A,N/A,N/A,N/A,N/A
playstation-2,ben 10 alien force: vilgax attacks,15,-83%,3,-17%,0,0%,N/A,N/A,N/A,N/A,N/A,N/A
psp,ben 10 alien force: vilgax attacks,6,-67%,3,-33%,0,0%,N/A,N/A,N/A,N/A,N/A,N/A
xbox-one,ryse: son of rome,930,-50%,478,-26%,461,-25%,8,-10%,60,-78%,9,-12%
pc,ryse: son of rome,362,-45%,313,-39%,134,-17%,3,-11%,22,-81%,2,-7%
playstation-3,warriors: legends of troy,16,-55%,8,-28%,5,-17%,0,0%,10,-45%,12,-55%
xbox-360,warriors: legends of troy,4,-40%,4,-40%,2,-20%,0,0%,8,-73%,3,-27%
xbox,bloody roar: primal fury,3,-60%,0,0%,2,-40%,2,-9%,17,-77%,3,-14%
gamecube,bloody roar: primal fury,16,-76%,5,-24%,0,0%,17,-63%,10,-37%,0,0%
xbox,breakdown,18,-78%,1,-4%,4,-17%,35,-56%,23,-37%,4,-6%
game-boy-advance,shining soul ii,6,-67%,2,-22%,1,-11%,11,-61%,7,-39%,0,0%
playstation-2,dynasty tactics 2,7,-50%,5,-36%,2,-14%,13,-72%,5,-28%,0,0%
playstation-2,rumble racing,9,-64%,4,-29%,1,-7%,14,-82%,3,-18%,0,0%
playstation-3,red dead redemption,3.4k,-91%,215,-6%,120,-3%,73,-100%,0,0%,0,0%
xbox-360,red dead redemption,3.2k,-90%,220,-6%,131,-4%,96,-100%,0,0%,0,0%
playstation-2,fullmetal alchemist and the broken angel,8,-50%,3,-19%,5,-31%,4,-11%,23,-66%,8,-23%
wii,pinball hall of fame: the gottlieb collection,N/A,N/A,N/A,N/A,N/A,N/A,N/A,N/A,N/A,N/A,N/A,N/A
psp,pinball hall of fame: the gottlieb collection,1,-25%,1,-25%,2,-50%,13,-48%,13,-48%,1,-4%
xbox-360,forza horizon,607,-86%,57,-8%,38,-5%,75,-90%,8,-10%,0,0%
playstation-4,summon night 6: lost borders,13,-65%,3,-15%,4,-20%,4,-44%,5,-56%,0,0%
playstation-vita,summon night 6: lost borders,6,-75%,2,-25%,0,0%,N/A,N/A,N/A,N/A,N/A,N/A
playstation-2,top spin,2,-40%,3,-60%,0,0%,6,-21%,20,-71%,2,-7%
xbox,top spin,11,-61%,4,-22%,3,-17%,43,-98%,1,-2%,0,0%
pc,sonic heroes,60,-57%,27,-26%,18,-17%,3,-43%,3,-43%,1,-14%
playstation-2,sonic heroes,92,-54%,57,-34%,21,-12%,4,-14%,21,-72%,4,-14%
xbox,sonic heroes,41,-68%,15,-25%,4,-7%,12,-43%,16,-57%,0,0%
gamecube,sonic heroes,223,-64%,102,-29%,26,-7%,25,-51%,23,-47%,1,-2%
wii-u,tork: prehistoric punk,N/A,N/A,N/A,N/A,N/A,N/A,N/A,N/A,N/A,N/A,N/A,N/A
playstation-2,stuntman,10,-31%,12,-38%,10,-31%,19,-51%,14,-38%,4,-11%
game-boy-advance,stuntman,2,-50%,1,-25%,1,-25%,6,-75%,2,-25%,0,0%
ds,etrian odyssey,23,-74%,6,-19%,2,-6%,16,-53%,14,-47%,0,0%
playstation-2,futurama,10,-45%,7,-32%,5,-23%,3,-14%,15,-68%,4,-18%
xbox,futurama,2,-40%,3,-60%,0,0%,2,-10%,15,-71%,4,-19%
wii,fifa soccer 10,4,-33%,5,-42%,3,-25%,10,-48%,11,-52%,0,0%
playstation-3,fifa soccer 10,94,-67%,29,-21%,18,-13%,56,-100%,0,0%,0,0%
xbox-360,fifa soccer 10,87,-65%,35,-26%,12,-9%,62,-98%,1,-2%,0,0%
pc,fifa soccer 10,17,-31%,23,-43%,14,-26%,5,-36%,9,-64%,0,0%
ds,fifa soccer 10,2,-40%,2,-40%,1,-20%,N/A,N/A,N/A,N/A,N/A,N/A
playstation-2,fifa soccer 10,4,-67%,1,-17%,1,-17%,N/A,N/A,N/A,N/A,N/A,N/A
psp,fifa soccer 10,3,-50%,2,-33%,1,-17%,9,-100%,0,0%,0,0%
playstation-2,armored core 2: another age,10,-83%,0,0%,2,-17%,10,-63%,6,-38%,0,0%
playstation-3,star ocean: the last hope,87,-76%,15,-13%,13,-11%,29,-64%,15,-33%,1,-2%
xbox-360,star ocean: the last hope,43,-51%,23,-27%,18,-21%,33,-59%,23,-41%,0,0%
playstation-3,ea sports mma,29,-57%,11,-22%,11,-22%,34,-72%,13,-28%,0,0%
xbox-360,ea sports mma,39,-71%,11,-20%,5,-9%,48,-76%,15,-24%,0,0%
ds,super robot taisen og saga: endless frontier,14,-78%,1,-6%,3,-17%,12,-55%,9,-41%,1,-5%
wii,mario power tennis,19,-51%,15,-41%,3,-8%,10,-29%,21,-62%,3,-9%
gamecube,mario power tennis,58,-75%,18,-23%,1,-1%,37,-86%,6,-14%,0,0%
wii-u,animal crossing: amiibo festival,73,-27%,32,-12%,161,-61%,2,-10%,10,-50%,8,-40%
playstation-3,2014 fifa world cup brazil,43,-36%,30,-25%,46,-39%,17,-52%,16,-48%,0,0%
xbox-360,2014 fifa world cup brazil,31,-31%,23,-23%,46,-46%,16,-55%,13,-45%,0,0%
xbox-360,alan wake,1.0k,-79%,213,-16%,61,-5%,87,-87%,13,-13%,0,0%
pc,alan wake,1.6k,-71%,476,-22%,155,-7%,27,-90%,3,-10%,0,0%
pc,still life,66,-66%,27,-27%,7,-7%,16,-59%,9,-33%,2,-7%
wii-u,still life,N/A,N/A,N/A,N/A,N/A,N/A,N/A,N/A,N/A,N/A,N/A,N/A
wii,we ski,2,-40%,0,0%,3,-60%,6,-19%,24,-75%,2,-6%
psp,god of war: ghost of sparta,819,-89%,73,-8%,27,-3%,67,-92%,6,-8%,0,0%
playstation-3,hatsune miku: project diva f,89,-75%,18,-15%,12,-10%,5,-50%,4,-40%,1,-10%
playstation-vita,hatsune miku: project diva f,77,-76%,13,-13%,11,-11%,7,-70%,3,-30%,0,0%
wii,the legend of spyro: the eternal night,13,-57%,3,-13%,7,-30%,2,-25%,5,-63%,1,-13%
playstation-2,the legend of spyro: the eternal night,26,-39%,21,-32%,19,-29%,2,-11%,11,-61%,5,-28%
psp,wipeout pulse,33,-85%,4,-10%,2,-5%,36,-90%,4,-10%,0,0%
playstation-2,armored core: last raven,17,-81%,1,-5%,3,-14%,3,-19%,10,-63%,3,-19%
playstation-2,james bond 007: agent under fire,28,-53%,21,-40%,4,-8%,9,-33%,17,-63%,1,-4%
xbox,james bond 007: agent under fire,5,-45%,4,-36%,2,-18%,9,-56%,6,-38%,1,-6%
gamecube,james bond 007: agent under fire,10,-37%,12,-44%,5,-19%,6,-38%,10,-63%,0,0%
playstation-2,gradius v,26,-90%,2,-7%,1,-3%,35,-76%,11,-24%,0,0%
3ds,asphalt 3d,12,-31%,9,-23%,18,-46%,2,-5%,13,-35%,22,-59%
psp,naruto shippuden: ultimate ninja impact,41,-66%,12,-19%,9,-15%,2,-13%,12,-75%,2,-13%
playstation-3,battlefield 3,1.4k,-72%,241,-13%,288,-15%,35,-92%,3,-8%,0,0%
xbox-360,battlefield 3,1.6k,-71%,309,-14%,332,-15%,53,-93%,4,-7%,0,0%
pc,battlefield 3,4.2k,-70%,963,-16%,777,-13%,60,-98%,1,-2%,0,0%
pc,resident evil 4 hd,737,-85%,76,-9%,54,-6%,25,-76%,8,-24%,0,0%
3ds,resident evil 4 hd,N/A,N/A,N/A,N/A,N/A,N/A,N/A,N/A,N/A,N/A,N/A,N/A
pc,black & white 2,51,-49%,44,-42%,10,-10%,30,-60%,18,-36%,2,-4%
playstation-5,animaniacs: the great edgar hunt,N/A,N/A,N/A,N/A,N/A,N/A,N/A,N/A,N/A,N/A,N/A,N/A
wii-u,animaniacs: the great edgar hunt,N/A,N/A,N/A,N/A,N/A,N/A,N/A,N/A,N/A,N/A,N/A,N/A
game-boy-advance,advance wars,141,-90%,11,-7%,5,-3%,27,-96%,1,-4%,0,0%
ds,crosswords,1,-25%,2,-50%,1,-25%,6,-32%,11,-58%,2,-11%
xbox-360,crimson tears,N/A,N/A,N/A,N/A,N/A,N/A,N/A,N/A,N/A,N/A,N/A,N/A
playstation-2,wwe smackdown! vs. raw,47,-72%,18,-28%,0,0%,38,-83%,8,-17%,0,0%
pc,spore galactic adventures,42,-57%,18,-24%,14,-19%,12,-38%,18,-56%,2,-6%
playstation-2,metal slug 4 & 5,6,-55%,5,-45%,0,0%,11,-55%,8,-40%,1,-5%
xbox,metal slug 4 & 5,9,-100%,0,0%,0,0%,10,-45%,10,-45%,2,-9%
psp,namco museum battle collection,14,-93%,1,-7%,0,0%,22,-79%,5,-18%,1,-4%
playstation-2,yakuza 2,90,-89%,9,-9%,2,-2%,25,-74%,9,-26%,0,0%
playstation-2,primal,45,-83%,7,-13%,2,-4%,22,-61%,12,-33%,2,-6%
playstation-2,whirl tour,4,-80%,1,-20%,0,0%,1,-11%,6,-67%,2,-22%
gamecube,whirl tour,3,-75%,0,0%,1,-25%,2,-20%,6,-60%,2,-20%
pc,act of aggression,56,-57%,22,-22%,20,-20%,16,-43%,19,-51%,2,-5%
nintendo-switch,rune factory 4,69,-79%,9,-10%,9,-10%,29,-91%,3,-9%,0,0%
3ds,rune factory 4,128,-79%,16,-10%,19,-12%,25,-76%,8,-24%,0,0%
xbox-360,lips: number one hits,4,-67%,1,-17%,1,-17%,7,-32%,15,-68%,0,0%
playstation-2,jak and daxter: the precursor legacy,560,-87%,63,-10%,22,-3%,35,-100%,0,0%,0,0%
playstation-2,champions: return to arms,29,-74%,4,-10%,6,-15%,34,-71%,14,-29%,0,0%
pc,stronghold 3,53,-14%,43,-11%,282,-75%,1,-3%,14,-48%,14,-48%
playstation-2,the hustle: detroit streets,N/A,N/A,N/A,N/A,N/A,N/A,0,0%,1,-20%,4,-80%
wii-u,furious karting,N/A,N/A,N/A,N/A,N/A,N/A,N/A,N/A,N/A,N/A,N/A,N/A
psp,mega man maverick hunter x,108,-89%,6,-5%,7,-6%,28,-82%,4,-12%,2,-6%
xbox-360,sherlock holmes vs. jack the ripper,6,-35%,8,-47%,3,-18%,5,-21%,16,-67%,3,-13%
pc,sherlock holmes vs. jack the ripper,39,-62%,20,-32%,4,-6%,13,-50%,13,-50%,0,0%
xbox-360,arc the lad: end of darkness,N/A,N/A,N/A,N/A,N/A,N/A,N/A,N/A,N/A,N/A,N/A,N/A
playstation-3,dynasty warriors 7,38,-54%,21,-30%,11,-16%,4,-16%,18,-72%,3,-12%
xbox-360,dynasty warriors 7,35,-73%,9,-19%,4,-8%,2,-9%,18,-82%,2,-9%
xbox-360,samurai warriors 2,13,-72%,5,-28%,0,0%,1,-3%,21,-70%,8,-27%
pc,samurai warriors 2,9,-69%,1,-8%,3,-23%,0,0%,2,-33%,4,-67%
playstation-2,samurai warriors 2,22,-81%,4,-15%,1,-4%,4,-15%,18,-69%,4,-15%
playstation-3,playstation move heroes,9,-45%,8,-40%,3,-15%,0,0%,29,-74%,10,-26%
wii,rock revolution,N/A,N/A,N/A,N/A,N/A,N/A,0,0%,0,0%,4,-100%
playstation-3,rock revolution,N/A,N/A,N/A,N/A,N/A,N/A,1,-5%,5,-25%,14,-70%
xbox-360,rock revolution,3,-50%,0,0%,3,-50%,0,0%,5,-18%,23,-82%
psp,ape escape: on the loose,7,-47%,6,-40%,2,-13%,8,-23%,25,-71%,2,-6%
psp,ace combat: joint assault,15,-63%,6,-25%,3,-13%,14,-47%,16,-53%,0,0%
wii,ferrari challenge trofeo pirelli,1,-17%,1,-17%,4,-67%,2,-29%,4,-57%,1,-14%
playstation-3,ferrari challenge trofeo pirelli,3,-20%,6,-40%,6,-40%,13,-35%,23,-62%,1,-3%
ds,ferrari challenge trofeo pirelli,N/A,N/A,N/A,N/A,N/A,N/A,2,-25%,6,-75%,0,0%
playstation-2,ferrari challenge trofeo pirelli,2,-33%,3,-50%,1,-17%,N/A,N/A,N/A,N/A,N/A,N/A
pc,nascar thunder 2004,3,-60%,1,-20%,1,-20%,6,-67%,3,-33%,0,0%
playstation-2,nascar thunder 2004,15,-71%,2,-10%,4,-19%,14,-93%,1,-7%,0,0%
xbox,nascar thunder 2004,0,0%,1,-25%,3,-75%,12,-86%,2,-14%,0,0%
xbox-360,final fantasy xi,9,-56%,1,-6%,6,-38%,4,-16%,20,-80%,1,-4%
pc,final fantasy xi,67,-70%,12,-13%,17,-18%,24,-96%,1,-4%,0,0%
playstation-2,final fantasy xi,32,-62%,12,-23%,8,-15%,47,-96%,2,-4%,0,0%
pc,evil genius,81,-76%,22,-21%,4,-4%,29,-57%,22,-43%,0,0%
playstation-2,smash court tennis pro tournament 2,7,-78%,0,0%,2,-22%,27,-66%,14,-34%,0,0%
pc,world of warcraft: legion,885,-68%,168,-13%,250,-19%,61,-92%,1,-2%,0,0%
wii,marvel super hero squad: the infinity gauntlet,0,0%,2,-50%,2,-50%,0,0%,5,-83%,1,-17%
xbox-360,marvel super hero squad: the infinity gauntlet,4,-44%,2,-22%,3,-33%,0,0%,8,-80%,2,-20%
3ds,marvel super hero squad: the infinity gauntlet,N/A,N/A,N/A,N/A,N/A,N/A,0,0%,3,-75%,1,-25%
psp,monster hunter freedom 2,30,-63%,9,-19%,9,-19%,19,-50%,19,-50%,0,0%
pc,commander: conquest of the americas,3,-14%,12,-55%,7,-32%,6,-38%,9,-56%,1,-6%
wii,lost in blue 2,N/A,N/A,N/A,N/A,N/A,N/A,N/A,N/A,N/A,N/A,N/A,N/A
pc,pac-man world 3,5,-50%,4,-40%,1,-10%,3,-50%,3,-50%,0,0%
ds,pac-man world 3,8,-62%,0,0%,5,-38%,0,0%,4,-50%,4,-50%
playstation-2,pac-man world 3,6,-33%,7,-39%,5,-28%,5,-23%,12,-55%,5,-23%
psp,pac-man world 3,6,-55%,4,-36%,1,-9%,2,-22%,6,-67%,1,-11%
gamecube,pac-man world 3,8,-53%,4,-27%,3,-20%,2,-12%,14,-82%,1,-6%
playstation-2,fatal frame ii: crimson butterfly,123,-85%,16,-11%,6,-4%,33,-83%,7,-18%,0,0%
psp,viewtiful joe: red hot rumble,16,-89%,2,-11%,0,0%,1,-4%,23,-96%,0,0%
gamecube,viewtiful joe: red hot rumble,2,-33%,2,-33%,2,-33%,2,-7%,23,-85%,2,-7%
xbox-360,gitaroo man,N/A,N/A,N/A,N/A,N/A,N/A,N/A,N/A,N/A,N/A,N/A,N/A
xbox-360,superman returns,4,-17%,8,-33%,12,-50%,5,-10%,23,-48%,20,-42%
ds,superman returns,2,-20%,2,-20%,6,-60%,0,0%,1,-13%,7,-88%
xbox,superman returns,N/A,N/A,N/A,N/A,N/A,N/A,0,0%,9,-56%,7,-44%
playstation-2,shining force exa,11,-73%,2,-13%,2,-13%,5,-21%,19,-79%,0,0%
xbox-series-x,dragon ball: advanced adventure,N/A,N/A,N/A,N/A,N/A,N/A,N/A,N/A,N/A,N/A,N/A,N/A
playstation-2,shining force neo,11,-85%,0,0%,2,-15%,5,-42%,6,-50%,1,-8%
playstation-2,family guy,13,-46%,12,-43%,3,-11%,0,0%,18,-51%,17,-49%
xbox,family guy,3,-38%,4,-50%,1,-13%,0,0%,14,-70%,6,-30%
psp,family guy,3,-30%,5,-50%,2,-20%,0,0%,8,-57%,6,-43%
playstation-4,mx vs. atv supercross encore,7,-32%,3,-14%,12,-55%,0,0%,2,-25%,6,-75%
xbox-one,mx vs. atv supercross encore,2,-25%,1,-13%,5,-63%,1,-25%,0,0%,3,-75%
pc,ty the tasmanian tiger,7,-64%,4,-36%,0,0%,N/A,N/A,N/A,N/A,N/A,N/A
playstation-2,ty the tasmanian tiger,31,-69%,13,-29%,1,-2%,6,-43%,8,-57%,0,0%
xbox,ty the tasmanian tiger,4,-80%,0,0%,1,-20%,6,-46%,5,-38%,2,-15%
gamecube,ty the tasmanian tiger,9,-56%,6,-38%,1,-6%,6,-50%,5,-42%,1,-8%
playstation-2,dave mirra freestyle bmx 2,9,-69%,3,-23%,1,-8%,16,-76%,5,-24%,0,0%
game-boy-advance,dave mirra freestyle bmx 2,3,-75%,0,0%,1,-25%,5,-71%,2,-29%,0,0%
playstation-3,killzone 2,681,-71%,189,-20%,85,-9%,90,-96%,4,-4%,0,0%
pc,battle engine aquila,13,-76%,3,-18%,1,-6%,3,-27%,8,-73%,0,0%
wii-u,battle engine aquila,N/A,N/A,N/A,N/A,N/A,N/A,N/A,N/A,N/A,N/A,N/A,N/A
playstation-3,lost planet 3,45,-38%,34,-29%,39,-33%,4,-13%,23,-77%,3,-10%
xbox-360,lost planet 3,64,-42%,41,-27%,49,-32%,4,-9%,34,-79%,5,-12%
pc,lost planet 3,98,-40%,83,-34%,62,-26%,3,-18%,13,-76%,1,-6%
pc,still life 2,13,-23%,26,-46%,18,-32%,4,-27%,10,-67%,1,-7%
wii,rock band 2,20,-59%,5,-15%,9,-26%,10,-100%,0,0%,0,0%
playstation-3,rock band 2,55,-80%,8,-12%,6,-9%,24,-100%,0,0%,0,0%
xbox-360,rock band 2,70,-80%,10,-11%,7,-8%,69,-100%,0,0%,0,0%
psp,star wars: lethal alliance,5,-42%,5,-42%,2,-17%,1,-3%,26,-84%,4,-13%
ds,glory of heracles,11,-65%,3,-18%,3,-18%,7,-30%,16,-70%,0,0%
playstation-3,resident evil: revelations,182,-64%,65,-23%,39,-14%,18,-60%,12,-40%,0,0%
xbox-360,resident evil: revelations,159,-71%,36,-16%,30,-13%,17,-57%,13,-43%,0,0%
playstation-4,resident evil: revelations,111,-64%,47,-27%,15,-9%,14,-44%,18,-56%,0,0%
xbox-one,resident evil: revelations,45,-76%,7,-12%,7,-12%,5,-83%,1,-17%,0,0%
pc,resident evil: revelations,293,-54%,178,-33%,74,-14%,9,-75%,3,-25%,0,0%
wii-u,resident evil: revelations,134,-71%,28,-15%,28,-15%,14,-74%,5,-26%,0,0%
nintendo-switch,resident evil: revelations,139,-71%,45,-23%,13,-7%,16,-84%,3,-16%,0,0%
3ds,resident evil: revelations,517,-81%,78,-12%,45,-7%,68,-87%,10,-13%,0,0%
psp,flatout: head on,31,-79%,6,-15%,2,-5%,15,-54%,12,-43%,1,-4%
playstation-2,x-men legends,27,-75%,6,-17%,3,-8%,38,-79%,9,-19%,1,-2%
xbox,x-men legends,14,-74%,2,-11%,3,-16%,55,-87%,7,-11%,1,-2%
gamecube,x-men legends,13,-87%,2,-13%,0,0%,31,-86%,4,-11%,1,-3%
psp,field commander,24,-86%,3,-11%,1,-4%,36,-68%,16,-30%,1,-2%
playstation-2,nba street vol. 2,50,-86%,6,-10%,2,-3%,30,-97%,1,-3%,0,0%
xbox,nba street vol. 2,5,-63%,0,0%,3,-38%,21,-95%,1,-5%,0,0%
gamecube,nba street vol. 2,5,-71%,1,-14%,1,-14%,16,-100%,0,0%,0,0%
wii,shaun white skateboarding,0,0%,5,-83%,1,-17%,1,-17%,5,-83%,0,0%
playstation-3,shaun white skateboarding,4,-50%,2,-25%,2,-25%,3,-12%,19,-73%,4,-15%
xbox-360,shaun white skateboarding,4,-50%,0,0%,4,-50%,4,-12%,27,-79%,3,-9%
pc,shaun white skateboarding,2,-33%,4,-67%,0,0%,N/A,N/A,N/A,N/A,N/A,N/A
psp,rock band unplugged,25,-86%,2,-7%,2,-7%,40,-80%,10,-20%,0,0%
playstation-2,crash nitro kart,88,-62%,48,-34%,6,-4%,9,-38%,13,-54%,2,-8%
xbox,crash nitro kart,20,-71%,4,-14%,4,-14%,6,-43%,7,-50%,1,-7%
game-boy-advance,crash nitro kart,18,-72%,6,-24%,1,-4%,5,-83%,1,-17%,0,0%
gamecube,crash nitro kart,10,-59%,6,-35%,1,-6%,2,-20%,7,-70%,1,-10%
wii-u,kakuto chojin,N/A,N/A,N/A,N/A,N/A,N/A,N/A,N/A,N/A,N/A,N/A,N/A
playstation-3,silent hill: homecoming,75,-34%,91,-41%,54,-25%,18,-44%,23,-56%,0,0%
xbox-360,silent hill: homecoming,75,-38%,85,-43%,38,-19%,23,-43%,30,-56%,1,-2%
pc,silent hill: homecoming,71,-37%,68,-35%,55,-28%,4,-29%,10,-71%,0,0%
playstation-2,black,186,-84%,29,-13%,7,-3%,48,-77%,13,-21%,1,-2%
xbox,black,60,-74%,16,-20%,5,-6%,48,-74%,15,-23%,2,-3%
game-boy-advance,naruto: ninja council,1,-14%,5,-71%,1,-14%,2,-17%,6,-50%,4,-33%
xbox-360,gun,38,-62%,20,-33%,3,-5%,32,-60%,20,-38%,1,-2%
pc,gun,108,-69%,46,-29%,2,-1%,15,-63%,9,-38%,0,0%
playstation-2,gun,68,-85%,12,-15%,0,0%,29,-67%,14,-33%,0,0%
xbox,gun,26,-74%,7,-20%,2,-6%,42,-76%,13,-24%,0,0%
psp,gun,22,-81%,5,-19%,0,0%,22,-54%,18,-44%,1,-2%
gamecube,gun,10,-83%,1,-8%,1,-8%,18,-67%,9,-33%,0,0%
playstation-3,dishonored,717,-75%,145,-15%,90,-9%,35,-100%,0,0%,0,0%
xbox-360,dishonored,1.2k,-79%,216,-14%,107,-7%,54,-96%,2,-4%,0,0%
pc,dishonored,4.4k,-82%,709,-13%,227,-4%,29,-100%,0,0%,0,0%
xbox-360,rpg maker 3,N/A,N/A,N/A,N/A,N/A,N/A,N/A,N/A,N/A,N/A,N/A,N/A
psp,the 3rd birthday,73,-46%,41,-26%,45,-28%,24,-43%,29,-52%,3,-5%
xbox-360,god hand,N/A,N/A,N/A,N/A,N/A,N/A,N/A,N/A,N/A,N/A,N/A,N/A
xbox-360,headhunter: redemption,N/A,N/A,N/A,N/A,N/A,N/A,N/A,N/A,N/A,N/A,N/A,N/A
wii-u,headhunter: redemption,N/A,N/A,N/A,N/A,N/A,N/A,N/A,N/A,N/A,N/A,N/A,N/A
wii,monopoly streets,1,-17%,3,-50%,2,-33%,0,0%,9,-100%,0,0%
playstation-3,monopoly streets,3,-25%,5,-42%,4,-33%,3,-27%,7,-64%,1,-9%
xbox-360,monopoly streets,7,-44%,5,-31%,4,-25%,5,-28%,12,-67%,1,-6%
wii,big brain academy: wii degree,7,-44%,7,-44%,2,-13%,8,-24%,22,-67%,3,-9%
playstation-3,dead island: riptide,62,-37%,58,-35%,46,-28%,4,-16%,19,-76%,2,-8%
xbox-360,dead island: riptide,94,-38%,97,-39%,59,-24%,7,-16%,28,-65%,8,-19%
pc,dead island: riptide,179,-35%,199,-39%,133,-26%,8,-23%,22,-63%,5,-14%
ds,pokemon trozei!,11,-65%,6,-35%,0,0%,16,-50%,15,-47%,1,-3%
playstation-3,dragon age ii,386,-31%,187,-15%,675,-54%,44,-85%,8,-15%,0,0%
xbox-360,dragon age ii,875,-33%,507,-19%,1.3k,-48%,55,-73%,19,-25%,1,-1%
pc,dragon age ii,1.4k,-28%,1.2k,-24%,2.5k,-48%,38,-84%,7,-16%,0,0%
3ds,gabrielle's ghostly groove 3d,6,-67%,1,-11%,2,-22%,2,-22%,6,-67%,1,-11%
xbox,nhl hitz 20-02,N/A,N/A,N/A,N/A,N/A,N/A,17,-85%,3,-15%,0,0%
gamecube,nhl hitz 20-02,6,-75%,1,-13%,1,-13%,9,-69%,4,-31%,0,0%
playstation-2,jak x: combat racing,81,-68%,30,-25%,8,-7%,30,-65%,15,-33%,1,-2%
wii,deca sports 2,N/A,N/A,N/A,N/A,N/A,N/A,0,0%,4,-57%,3,-43%
pc,scrapland,29,-64%,11,-24%,5,-11%,18,-49%,19,-51%,0,0%
wii-u,scrapland,N/A,N/A,N/A,N/A,N/A,N/A,N/A,N/A,N/A,N/A,N/A,N/A
playstation-4,the technomancer,81,-52%,30,-19%,45,-29%,7,-18%,24,-63%,7,-18%
xbox-one,the technomancer,39,-56%,16,-23%,15,-21%,4,-33%,8,-67%,0,0%
pc,the technomancer,100,-50%,49,-25%,50,-25%,1,-3%,25,-74%,8,-24%
playstation-2,tony hawk's underground,141,-87%,19,-12%,3,-2%,36,-95%,2,-5%,0,0%
xbox,tony hawk's underground,12,-71%,0,0%,5,-29%,28,-85%,5,-15%,0,0%
gamecube,tony hawk's underground,15,-60%,5,-20%,5,-20%,19,-100%,0,0%,0,0%
playstation-3,dmc: devil may cry,777,-52%,190,-13%,541,-36%,37,-93%,3,-8%,0,0%
xbox-360,dmc: devil may cry,770,-51%,197,-13%,534,-36%,62,-95%,3,-5%,0,0%
pc,dmc: devil may cry,1.4k,-65%,401,-19%,329,-16%,22,-100%,0,0%,0,0%
3ds,pokemon art academy,19,-76%,3,-12%,3,-12%,15,-68%,7,-32%,0,0%
ds,guinness world records: the videogame,2,-50%,2,-50%,0,0%,1,-25%,3,-75%,0,0%
playstation-3,the walking dead: survival instinct,34,-17%,46,-22%,126,-61%,0,0%,1,-7%,13,-93%
xbox-360,the walking dead: survival instinct,103,-24%,66,-15%,261,-61%,0,0%,2,-7%,28,-93%
pc,the walking dead: survival instinct,35,-11%,49,-15%,243,-74%,0,0%,1,-8%,12,-92%
wii-u,the walking dead: survival instinct,15,-31%,7,-14%,27,-55%,N/A,N/A,N/A,N/A,N/A,N/A
pc,chicago enforcer,1,-20%,3,-60%,1,-20%,N/A,N/A,N/A,N/A,N/A,N/A
wii-u,chicago enforcer,N/A,N/A,N/A,N/A,N/A,N/A,N/A,N/A,N/A,N/A,N/A,N/A
playstation-3,f1 2012,44,-77%,4,-7%,9,-16%,20,-87%,3,-13%,0,0%
xbox-360,f1 2012,50,-66%,13,-17%,13,-17%,39,-93%,3,-7%,0,0%
pc,f1 2012,91,-64%,32,-23%,19,-13%,12,-80%,3,-20%,0,0%
playstation-2,tales of legendia,25,-66%,11,-29%,2,-5%,19,-51%,17,-46%,1,-3%
wii,valhalla knights: eldar saga,7,-58%,0,0%,5,-42%,0,0%,3,-18%,14,-82%
wii,super monkey ball: step & roll,8,-53%,5,-33%,2,-13%,2,-6%,30,-83%,4,-11%
playstation-3,naughty bear,12,-33%,12,-33%,12,-33%,0,0%,13,-42%,18,-58%
xbox-360,naughty bear,9,-23%,17,-43%,14,-35%,0,0%,18,-35%,33,-65%
ds,crash boom bang!,17,-33%,2,-4%,33,-63%,0,0%,3,-21%,11,-79%
ds,bust-a-move ds,3,-60%,1,-20%,1,-20%,9,-64%,5,-36%,0,0%
xbox-360,zumba fitness rush,3,-60%,0,0%,2,-40%,3,-43%,4,-57%,0,0%
playstation-2,wakeboarding unleashed featuring shaun murray,1,-25%,2,-50%,1,-25%,22,-96%,1,-4%,0,0%
xbox,wakeboarding unleashed featuring shaun murray,N/A,N/A,N/A,N/A,N/A,N/A,20,-87%,3,-13%,0,0%
xbox-360,the last remnant,19,-37%,20,-39%,12,-24%,14,-29%,32,-65%,3,-6%
pc,the last remnant,116,-64%,42,-23%,22,-12%,6,-26%,15,-65%,2,-9%
playstation-2,guitar hero encore: rocks the 80s,9,-35%,14,-54%,3,-12%,19,-38%,27,-54%,4,-8%
playstation-3,homefront,66,-33%,74,-37%,58,-29%,24,-40%,30,-50%,6,-10%
xbox-360,homefront,155,-35%,169,-38%,115,-26%,34,-40%,47,-55%,4,-5%
pc,homefront,177,-26%,285,-43%,207,-31%,13,-36%,20,-56%,3,-8%
playstation-2,nba ballers,4,-36%,6,-55%,1,-9%,40,-91%,4,-9%,0,0%
xbox,nba ballers,2,-50%,1,-25%,1,-25%,30,-86%,5,-14%,0,0%
playstation-3,the shoot,7,-41%,7,-41%,3,-18%,3,-8%,32,-82%,4,-10%
playstation-vita,dynasty warriors next,49,-64%,19,-25%,9,-12%,9,-26%,26,-74%,0,0%
playstation-3,john daly's prostroke golf,3,-30%,2,-20%,5,-50%,2,-9%,17,-74%,4,-17%
pc,john daly's prostroke golf,N/A,N/A,N/A,N/A,N/A,N/A,N/A,N/A,N/A,N/A,N/A,N/A
xbox-series-x,earthworm jim 2,N/A,N/A,N/A,N/A,N/A,N/A,N/A,N/A,N/A,N/A,N/A,N/A
xbox-360,atelier iris 2: the azoth of destiny,N/A,N/A,N/A,N/A,N/A,N/A,N/A,N/A,N/A,N/A,N/A,N/A
playstation-2,medal of honor: rising sun,43,-51%,35,-42%,6,-7%,11,-37%,16,-53%,3,-10%
xbox,medal of honor: rising sun,1,-9%,8,-73%,2,-18%,8,-35%,13,-57%,2,-9%
gamecube,medal of honor: rising sun,4,-50%,3,-38%,1,-13%,10,-42%,13,-54%,1,-4%
pc,trine,392,-69%,158,-28%,15,-3%,43,-86%,7,-14%,0,0%
playstation-2,wwe smackdown! vs. raw 2006,79,-75%,25,-24%,2,-2%,39,-87%,6,-13%,0,0%
psp,wwe smackdown! vs. raw 2006,19,-73%,4,-15%,3,-12%,25,-83%,5,-17%,0,0%
playstation-2,dark cloud 2,142,-78%,22,-12%,19,-10%,37,-90%,4,-10%,0,0%
pc,test drive,8,-67%,4,-33%,0,0%,0,0%,4,-100%,0,0%
playstation-2,test drive,9,-50%,9,-50%,0,0%,9,-47%,10,-53%,0,0%
xbox,test drive,5,-63%,3,-38%,0,0%,6,-38%,10,-63%,0,0%
ds,super monkey ball: touch & roll,10,-67%,3,-20%,2,-13%,9,-23%,27,-68%,4,-10%
playstation-2,trivial pursuit unhinged,N/A,N/A,N/A,N/A,N/A,N/A,0,0%,5,-45%,6,-55%
wii,nanostray 2,N/A,N/A,N/A,N/A,N/A,N/A,N/A,N/A,N/A,N/A,N/A,N/A
playstation-3,sacred 2: fallen angel,15,-41%,16,-43%,6,-16%,16,-36%,27,-60%,2,-4%
xbox-360,sacred 2: fallen angel,23,-53%,13,-30%,7,-16%,21,-38%,34,-61%,1,-2%
pc,sacred 2: fallen angel,54,-39%,61,-45%,22,-16%,21,-51%,19,-46%,1,-2%
wii-u,maximum chase,N/A,N/A,N/A,N/A,N/A,N/A,N/A,N/A,N/A,N/A,N/A,N/A
playstation-3,scene it? bright lights! big screen!,1,-25%,3,-75%,0,0%,0,0%,11,-79%,3,-21%
xbox-360,scene it? bright lights! big screen!,1,-25%,1,-25%,2,-50%,0,0%,7,-70%,3,-30%
ios-iphoneipad,spray,N/A,N/A,N/A,N/A,N/A,N/A,N/A,N/A,N/A,N/A,N/A,N/A
ds,wireway,N/A,N/A,N/A,N/A,N/A,N/A,0,0%,9,-100%,0,0%
playstation-3,rage,188,-48%,114,-29%,90,-23%,31,-84%,6,-16%,0,0%
xbox-360,rage,328,-50%,210,-32%,121,-18%,60,-78%,16,-21%,1,-1%
pc,rage,631,-35%,496,-28%,667,-37%,24,-75%,7,-22%,1,-3%
xbox-360,kinect sports,91,-67%,34,-25%,11,-8%,27,-53%,24,-47%,0,0%
